,Right Mass,,Left Mass,
t,x,y,x,y
0,0.0962,0.02578,0.08687,0.02113
0.033,0.09147,0.02532,0.08222,0.02003
0.066,0.08621,0.02463,0.07628,0.01873
0.099,0.07984,0.02367,0.06981,0.01727
0.132,0.07326,0.02198,0.06222,0.01543
0.165,0.06472,0.02034,0.05365,0.01418
0.198,0.0565,0.01955,0.04419,0.01222
0.231,0.04713,0.01854,0.03479,0.01059
0.264,0.0376,0.01729,0.02491,0.00896
0.297,0.02757,0.01528,0.01489,0.00717
0.33,0.01748,0.01374,0.00405,0.00497
0.363,0.00709,0.01289,-0.00628,0.00345
0.396,-0.0042,0.01198,-0.0176,0.00136
0.429,-0.01494,0.01116,-0.02816,0.00071
0.462,-0.02532,0.01005,-0.03845,-0.00064
0.495,-0.0355,0.00891,-0.04852,-0.00191
0.528,-0.04553,0.00811,-0.05781,-0.00297
0.561,-0.05482,0.00801,-0.06639,-0.00379
0.594,-0.0635,0.00777,-0.07457,-0.00449
0.627,-0.07167,0.0071,-0.08207,-0.00505
0.66,-0.07922,0.00654,-0.08863,-0.00559
0.693,-0.08557,0.00643,-0.0939,-0.00567
0.726,-0.09118,0.00656,-0.09899,-0.00571
0.759,-0.09616,0.00694,-0.10304,-0.0063
0.792,-0.09964,0.00654,-0.10599,-0.0065
0.825,-0.10205,0.00602,-0.10779,-0.00649
0.858,-0.1036,0.00593,-0.10843,-0.0065
0.891,-0.10378,0.00596,-0.10833,-0.00661
0.924,-0.10345,0.00642,-0.10712,-0.00679
0.957,-0.10154,0.00616,-0.10455,-0.00647
0.99,-0.09807,0.00568,-0.101,-0.00633
1.023,-0.09425,0.00549,-0.09601,-0.00619
1.056,-0.08922,0.00566,-0.09056,-0.00607
1.089,-0.08303,0.00588,-0.08445,-0.00593
1.122,-0.07626,0.00608,-0.07698,-0.00503
1.155,-0.06848,0.00589,-0.06889,-0.00469
1.188,-0.05979,0.00595,-0.0603,-0.00362
1.221,-0.05082,0.00638,-0.05136,-0.00277
1.254,-0.04063,0.0073,-0.0419,-0.0018
1.287,-0.03041,0.00807,-0.03082,-0.00083
1.32,-0.02042,0.00896,-0.0205,0.00035
1.353,-0.00952,0.00953,-0.01025,0.00193
1.386,0.00139,0.01036,-0.00006,0.00368
1.419,0.01181,0.01177,0.00994,0.00508
1.452,0.02247,0.0131,0.02021,0.00677
1.485,0.03331,0.01487,0.0304,0.00868
1.518,0.04299,0.01617,0.04037,0.01067
1.551,0.05235,0.01731,0.04895,0.0124
1.584,0.06133,0.01873,0.05719,0.01392
1.617,0.07003,0.0204,0.06406,0.01573
1.65,0.0774,0.02198,0.0713,0.01753
1.683,0.08355,0.02323,0.07739,0.01938
1.716,0.0887,0.02428,0.08276,0.02039
1.749,0.09335,0.02511,0.08639,0.02152
1.782,0.09692,0.0263,0.08915,0.02222
1.815,0.09947,0.0269,0.09079,0.02297
1.848,0.10113,0.02751,0.0918,0.02342
1.881,0.10121,0.02753,0.09199,0.02343
1.914,0.10067,0.02749,0.0909,0.02309
1.947,0.09941,0.02727,0.08845,0.02258
1.98,0.09646,0.02643,0.08514,0.02177
2.013,0.09297,0.02633,0.0806,0.02116
2.046,0.08814,0.02555,0.07537,0.02041
2.079,0.08243,0.0246,0.06896,0.01885
2.112,0.07631,0.02337,0.06212,0.01694
2.145,0.06897,0.0219,0.05424,0.01531
2.178,0.06148,0.02025,0.04533,0.0137
2.211,0.0531,0.01897,0.03607,0.0119
2.244,0.04435,0.017,0.02633,0.01003
2.277,0.03461,0.01627,0.01647,0.00819
2.31,0.02414,0.01474,0.00608,0.00631
2.343,0.01362,0.01334,-0.0045,0.00494
2.376,0.00212,0.01213,-0.01449,0.0033
2.409,-0.00844,0.01107,-0.0252,0.00213
2.442,-0.01941,0.01023,-0.03555,0.00062
2.475,-0.02964,0.00916,-0.04547,-0.00029
2.508,-0.03995,0.00842,-0.05495,-0.00166
2.541,-0.04993,0.00785,-0.06339,-0.00254
2.574,-0.05886,0.00739,-0.0715,-0.0037
2.607,-0.0676,0.00666,-0.079,-0.00465
2.64,-0.07514,0.0064,-0.08575,-0.00489
2.673,-0.08218,0.00595,-0.09166,-0.00541
2.706,-0.08829,0.00547,-0.09669,-0.00574
2.739,-0.09338,0.00535,-0.10033,-0.0064
2.772,-0.09734,0.00556,-0.10344,-0.00671
2.805,-0.10009,0.0053,-0.10537,-0.0069
2.838,-0.10214,0.00521,-0.10578,-0.00748
2.871,-0.10267,0.00514,-0.10609,-0.00751
2.904,-0.10253,0.00514,-0.10509,-0.0074
2.937,-0.10091,0.00517,-0.10301,-0.00732
2.97,-0.0984,0.00506,-0.09958,-0.00689
3.003,-0.09457,0.00523,-0.0953,-0.00726
3.036,-0.09003,0.00554,-0.09003,-0.00677
3.069,-0.08454,0.0054,-0.08412,-0.00665
3.102,-0.07843,0.0054,-0.0773,-0.00624
3.135,-0.07105,0.00583,-0.0698,-0.0053
3.168,-0.06285,0.00628,-0.06183,-0.00456
3.201,-0.05393,0.0066,-0.05294,-0.00387
3.234,-0.04467,0.00698,-0.04331,-0.00295
3.267,-0.03485,0.00777,-0.03343,-0.00113
3.3,-0.02446,0.00856,-0.02339,-0.0002
3.333,-0.01365,0.00945,-0.01339,0.00135
3.366,-0.0032,0.01047,-0.00308,0.00333
3.399,0.00775,0.01145,0.00714,0.00475
3.432,0.01874,0.0128,0.01704,0.00631
3.465,0.02869,0.01421,0.02711,0.00823
3.498,0.03895,0.01583,0.03649,0.01007
3.531,0.04877,0.0172,0.04511,0.01203
3.564,0.05755,0.0189,0.05328,0.01383
3.597,0.06551,0.02054,0.06031,0.01551
3.63,0.07263,0.02174,0.06707,0.01734
3.663,0.079,0.02291,0.07284,0.01875
3.696,0.08463,0.02414,0.07781,0.02013
3.729,0.08923,0.02524,0.08202,0.02127
3.762,0.09374,0.02627,0.08506,0.02246
3.795,0.09652,0.02701,0.0869,0.02267
3.828,0.09838,0.02761,0.08785,0.02286
3.861,0.09942,0.02753,0.08781,0.02282
3.894,0.09955,0.02747,0.0871,0.02281
3.927,0.09844,0.02737,0.08512,0.0227
3.96,0.09621,0.02704,0.08205,0.02207
3.993,0.09287,0.02637,0.07819,0.02099
4.026,0.08846,0.02546,0.07291,0.02029
4.059,0.08337,0.02445,0.06703,0.01864
4.092,0.07751,0.02315,0.06022,0.01721
4.125,0.07129,0.02198,0.05293,0.01628
4.158,0.06393,0.0206,0.04506,0.01423
4.191,0.05608,0.01929,0.03648,0.01234
4.224,0.04735,0.01773,0.02736,0.01065
4.257,0.03758,0.01598,0.01724,0.00858
4.29,0.02787,0.0145,0.00764,0.00693
4.323,0.01693,0.01316,-0.00224,0.00518
4.356,0.00628,0.01202,-0.01259,0.00383
4.389,-0.00469,0.011,-0.02209,0.00202
4.422,-0.01514,0.00977,-0.03241,0.00055
4.455,-0.02615,0.00872,-0.04186,-0.00081
4.488,-0.03657,0.00783,-0.05119,-0.00224
4.521,-0.04642,0.00732,-0.0603,-0.00356
4.554,-0.05561,0.00662,-0.06834,-0.00448
4.587,-0.06425,0.0062,-0.07575,-0.00515
4.62,-0.07215,0.00555,-0.08227,-0.00609
4.653,-0.07929,0.00521,-0.08764,-0.00658
4.686,-0.08567,0.00516,-0.09314,-0.00675
4.719,-0.09133,0.00498,-0.09733,-0.00695
4.752,-0.09567,0.00489,-0.10001,-0.00762
4.785,-0.09896,0.00501,-0.10256,-0.00781
4.818,-0.10134,0.00496,-0.10364,-0.00834
4.851,-0.10248,0.0049,-0.10394,-0.00833
4.884,-0.10229,0.005,-0.10326,-0.00836
4.917,-0.10127,0.00512,-0.10139,-0.0082
4.95,-0.0991,0.00532,-0.0985,-0.0078
4.983,-0.09576,0.00524,-0.09445,-0.00746
5.016,-0.09153,0.00541,-0.08991,-0.00755
5.049,-0.08666,0.00557,-0.08455,-0.00722
5.082,-0.08042,0.0057,-0.07807,-0.00675
5.115,-0.07314,0.00577,-0.07079,-0.00601
5.148,-0.06568,0.0063,-0.06335,-0.0053
5.181,-0.05686,0.00664,-0.05439,-0.00396
5.214,-0.04742,0.0072,-0.04593,-0.0033
5.247,-0.03808,0.00764,-0.03659,-0.00243
5.28,-0.02807,0.00855,-0.02703,-0.00096
5.313,-0.01685,0.00946,-0.01711,0.00048
5.346,-0.00624,0.0104,-0.00707,0.00218
5.379,0.00443,0.01158,0.00261,0.00406
5.412,0.01509,0.01274,0.01249,0.00578
5.445,0.02563,0.01408,0.02214,0.00736
5.478,0.03609,0.01563,0.03128,0.00938
5.511,0.04563,0.017,0.04003,0.01122
5.544,0.05456,0.01849,0.04814,0.01306
5.577,0.06293,0.02007,0.05535,0.01478
5.61,0.07069,0.02135,0.06209,0.01658
5.643,0.07725,0.02279,0.06801,0.01813
5.676,0.08322,0.02426,0.07312,0.01939
5.709,0.08801,0.02523,0.07758,0.02092
5.742,0.09248,0.02647,0.08097,0.02194
5.775,0.09629,0.02682,0.08344,0.02256
5.808,0.0983,0.02735,0.08472,0.02335
5.841,0.09952,0.0275,0.0851,0.02361
5.874,0.0997,0.02748,0.08473,0.02325
5.907,0.09912,0.02751,0.08315,0.02302
5.94,0.09733,0.027,0.08046,0.02269
5.973,0.09429,0.0263,0.07703,0.02195
6.006,0.09008,0.02548,0.07265,0.02088
6.039,0.08512,0.0243,0.06737,0.01969
6.072,0.07994,0.02305,0.06131,0.01779
6.105,0.07318,0.022,0.05436,0.01624
6.138,0.06651,0.02045,0.04685,0.01454
6.171,0.05853,0.01875,0.03844,0.01287
6.204,0.04973,0.01707,0.02969,0.01131
6.237,0.04017,0.01546,0.02034,0.00914
6.27,0.03067,0.01423,0.01111,0.00728
6.303,0.02038,0.01294,0.00142,0.00536
6.336,0.00958,0.01169,-0.00836,0.00362
6.369,-0.00165,0.00996,-0.01832,0.00209
6.402,-0.01249,0.00916,-0.02809,0.0004
6.435,-0.02308,0.00847,-0.03736,-0.00059
6.468,-0.03322,0.00771,-0.04636,-0.00201
6.501,-0.0432,0.00719,-0.05522,-0.00273
6.534,-0.05286,0.0068,-0.06326,-0.00381
6.567,-0.06202,0.00596,-0.07085,-0.00503
6.6,-0.07012,0.00562,-0.0774,-0.0058
6.633,-0.07753,0.00524,-0.08342,-0.00599
6.666,-0.08479,0.00519,-0.08872,-0.00649
6.699,-0.09025,0.00536,-0.0934,-0.00697
6.732,-0.0952,0.00501,-0.09682,-0.00735
6.765,-0.09913,0.00475,-0.09976,-0.00731
6.798,-0.10169,0.00467,-0.10106,-0.00763
6.831,-0.10336,0.00488,-0.10163,-0.00793
6.864,-0.10394,0.00506,-0.1015,-0.00801
6.897,-0.10331,0.00508,-0.1004,-0.00805
6.93,-0.10147,0.00517,-0.09799,-0.00789
6.963,-0.09837,0.00516,-0.09509,-0.00724
6.996,-0.09487,0.00537,-0.09096,-0.00752
7.029,-0.0902,0.00563,-0.08581,-0.00715
7.062,-0.08438,0.00599,-0.08017,-0.00647
7.095,-0.0776,0.00619,-0.07348,-0.00575
7.128,-0.0702,0.00635,-0.06625,-0.0047
7.161,-0.06181,0.00673,-0.05821,-0.0041
7.194,-0.05278,0.00737,-0.05007,-0.0035
7.227,-0.04291,0.00806,-0.04104,-0.00226
7.26,-0.03311,0.00905,-0.03168,-0.00122
7.293,-0.02258,0.00991,-0.02215,0.00053
7.326,-0.01193,0.0109,-0.01253,0.00227
7.359,-0.00113,0.01164,-0.00283,0.00365
7.392,0.00991,0.01277,0.00686,0.00543
7.425,0.02036,0.01419,0.01668,0.00715
7.458,0.031,0.01567,0.02568,0.00907
7.491,0.0411,0.017,0.03457,0.0109
7.524,0.05033,0.01839,0.04262,0.01308
7.557,0.05909,0.01983,0.05066,0.01492
7.59,0.06717,0.02095,0.05761,0.0164
7.623,0.0741,0.02248,0.06371,0.01813
7.656,0.0809,0.02403,0.06952,0.01967
7.689,0.08637,0.0247,0.07434,0.02086
7.722,0.09098,0.02572,0.0782,0.02204
7.755,0.09431,0.02631,0.08103,0.02291
7.788,0.09721,0.02704,0.08314,0.02332
7.821,0.09927,0.02721,0.08415,0.02366
7.854,0.09968,0.02725,0.08412,0.0238
7.887,0.09916,0.02726,0.08321,0.02364
7.92,0.09774,0.02682,0.08122,0.02305
7.953,0.09523,0.02604,0.07815,0.02244
7.986,0.09156,0.02516,0.07427,0.02135
8.019,0.08665,0.02429,0.06944,0.02033
8.052,0.08173,0.02306,0.0639,0.01884
8.085,0.07529,0.02175,0.05748,0.01732
8.118,0.06844,0.02025,0.05047,0.01531
8.151,0.06055,0.01886,0.04313,0.0136
8.184,0.05229,0.01746,0.03456,0.01192
8.217,0.04289,0.016,0.0257,0.00969
8.25,0.03291,0.01478,0.01706,0.00805
8.283,0.02252,0.0135,0.007,0.00583
8.316,0.01173,0.01195,-0.00225,0.0042
8.349,0.001,0.01084,-0.01211,0.00244
8.382,-0.00991,0.00957,-0.02169,0.00058
8.415,-0.0204,0.00877,-0.03135,-0.00082
8.448,-0.03124,0.00798,-0.04038,-0.00203
8.481,-0.04142,0.00738,-0.0488,-0.00344
8.514,-0.05095,0.00695,-0.05751,-0.00429
8.547,-0.06029,0.0064,-0.06524,-0.0052
8.58,-0.06866,0.00617,-0.07202,-0.00562
8.613,-0.07656,0.00585,-0.07867,-0.00612
8.646,-0.08346,0.00561,-0.08445,-0.00658
8.679,-0.08955,0.00556,-0.08946,-0.00667
8.712,-0.09474,0.00571,-0.09361,-0.00758
8.745,-0.09876,0.00575,-0.09678,-0.00804
8.778,-0.10209,0.00565,-0.09927,-0.00831
8.811,-0.10415,0.00563,-0.1002,-0.00838
8.844,-0.10499,0.00589,-0.10044,-0.00815
8.877,-0.10455,0.00595,-0.10019,-0.00821
8.91,-0.10337,0.00608,-0.09869,-0.00757
8.943,-0.10073,0.00622,-0.0958,-0.00751
8.976,-0.09701,0.00622,-0.09208,-0.00714
9.009,-0.09235,0.00662,-0.08799,-0.00633
9.042,-0.0865,0.00687,-0.08262,-0.00594
9.075,-0.07984,0.00686,-0.0766,-0.00556
9.108,-0.07255,0.00694,-0.06985,-0.00486
9.141,-0.06434,0.00742,-0.06262,-0.00451
9.174,-0.05551,0.0076,-0.05433,-0.00297
9.207,-0.04558,0.00821,-0.04559,-0.00197
9.24,-0.03604,0.00894,-0.03671,-0.00098
9.273,-0.02499,0.00961,-0.02742,0.00011
9.306,-0.01459,0.01051,-0.01801,0.00149
9.339,-0.00371,0.01169,-0.00807,0.0035
9.372,0.00722,0.01271,0.00201,0.00536
9.405,0.01841,0.01387,0.01144,0.00705
9.438,0.02916,0.01514,0.02083,0.00876
9.471,0.03926,0.01657,0.02983,0.0108
9.504,0.04877,0.01786,0.0383,0.01263
9.537,0.05753,0.01934,0.04658,0.01447
9.57,0.06579,0.02058,0.05372,0.01631
9.603,0.07307,0.02182,0.06033,0.01772
9.636,0.07975,0.02297,0.06658,0.01946
9.669,0.08555,0.02422,0.07167,0.0208
9.702,0.09075,0.02517,0.07626,0.02176
9.735,0.09498,0.02579,0.07946,0.02283
9.768,0.09788,0.02639,0.0821,0.0231
9.801,0.10009,0.02671,0.08383,0.02375
9.834,0.10086,0.02701,0.08428,0.02389
9.867,0.1007,0.02702,0.08412,0.02398
9.9,0.09964,0.02671,0.08252,0.02316
9.933,0.09719,0.02606,0.0801,0.02263
9.966,0.09364,0.02544,0.07664,0.02146
9.999,0.08899,0.02449,0.07244,0.02008
10.032,0.08392,0.02324,0.06714,0.01901
10.065,0.07771,0.02209,0.06118,0.01698
10.098,0.07096,0.02091,0.05447,0.01515
10.131,0.06334,0.01942,0.04714,0.01357
10.164,0.05488,0.0179,0.03935,0.01185
10.197,0.04605,0.01642,0.03093,0.00984
10.23,0.03667,0.01493,0.0217,0.00808
10.263,0.02588,0.01369,0.01246,0.00651
10.296,0.01534,0.0125,0.00273,0.00432
10.329,0.00451,0.01126,-0.00692,0.00261
10.362,-0.00673,0.01004,-0.01675,0.00082
10.395,-0.01723,0.00915,-0.02624,-0.00079
10.428,-0.02825,0.00829,-0.03555,-0.00184
10.461,-0.03854,0.00776,-0.04488,-0.00299
10.494,-0.0489,0.00714,-0.05341,-0.00386
10.527,-0.05757,0.00684,-0.06186,-0.00459
10.56,-0.06632,0.00668,-0.06915,-0.00581
10.593,-0.07471,0.00646,-0.07582,-0.00603
10.626,-0.0819,0.00605,-0.08231,-0.00651
10.659,-0.08824,0.00599,-0.08791,-0.00693
10.692,-0.09371,0.00607,-0.09227,-0.00762
10.725,-0.09808,0.00606,-0.09595,-0.00757
10.758,-0.10141,0.00605,-0.09877,-0.00786
10.791,-0.10337,0.00621,-0.10069,-0.0077
10.824,-0.10457,0.0062,-0.10152,-0.00781
10.857,-0.10457,0.00619,-0.1015,-0.00782
10.89,-0.10359,0.0062,-0.10085,-0.00764
10.923,-0.10111,0.00637,-0.09865,-0.00738
10.956,-0.09767,0.00647,-0.09543,-0.00693
10.989,-0.0931,0.00636,-0.09127,-0.00707
11.022,-0.08779,0.00632,-0.08658,-0.00671
11.055,-0.08141,0.0065,-0.08043,-0.00559
11.088,-0.0743,0.00664,-0.07418,-0.00507
11.121,-0.06605,0.00706,-0.06709,-0.00437
11.154,-0.05712,0.00716,-0.05929,-0.00345
11.187,-0.0478,0.00765,-0.05108,-0.00216
11.22,-0.03758,0.00812,-0.04183,-0.00089
11.253,-0.0272,0.00909,-0.03248,0.00006
11.286,-0.01637,0.00973,-0.0229,0.00119
11.319,-0.00513,0.01076,-0.01305,0.003
11.352,0.00554,0.01179,-0.0034,0.00471
11.385,0.01658,0.01314,0.00652,0.0067
11.418,0.02733,0.01426,0.01612,0.00852
11.451,0.03722,0.01559,0.02567,0.01008
11.484,0.04721,0.01684,0.03458,0.01216
11.517,0.0563,0.01806,0.04317,0.01384
11.55,0.0648,0.0195,0.05081,0.01571
11.583,0.0722,0.02117,0.05786,0.01741
11.616,0.07882,0.02249,0.0642,0.01862
11.649,0.08485,0.0235,0.07001,0.02029
11.682,0.09009,0.02448,0.07501,0.02133
11.715,0.09422,0.02528,0.07891,0.02219
11.748,0.09773,0.02613,0.08171,0.02289
11.781,0.09976,0.02651,0.08395,0.02325
11.814,0.10084,0.02637,0.08519,0.0233
11.847,0.10084,0.02633,0.08525,0.02325
11.88,0.1002,0.02652,0.0845,0.02306
11.913,0.09791,0.02575,0.08269,0.02249
11.946,0.09457,0.02548,0.07964,0.02146
11.979,0.09031,0.02446,0.07584,0.01992
12.012,0.08543,0.02348,0.07099,0.01909
12.045,0.07935,0.02246,0.06522,0.01719
12.078,0.07267,0.02087,0.05912,0.01568
12.111,0.06494,0.01956,0.05185,0.01421
12.144,0.05649,0.01839,0.04414,0.01243
12.177,0.04756,0.01678,0.03581,0.01023
12.21,0.03783,0.01546,0.02664,0.00834
12.243,0.02758,0.01409,0.01724,0.0067
12.276,0.01719,0.01253,0.00758,0.0052
12.309,0.0063,0.01136,-0.00256,0.00316
12.342,-0.00462,0.01063,-0.01232,0.00164
12.375,-0.0157,0.00947,-0.022,0.00039
12.408,-0.0263,0.00871,-0.0317,-0.0008
12.441,-0.03701,0.00776,-0.041,-0.00212
12.474,-0.04661,0.00727,-0.05038,-0.00317
12.507,-0.05601,0.00679,-0.05862,-0.00384
12.54,-0.0654,0.00653,-0.06694,-0.00448
12.573,-0.07378,0.00605,-0.07404,-0.00542
12.606,-0.08107,0.00601,-0.08093,-0.00582
12.639,-0.08789,0.00574,-0.08686,-0.00668
12.672,-0.09293,0.00603,-0.09165,-0.00677
12.705,-0.09772,0.00576,-0.096,-0.00708
12.738,-0.10117,0.0057,-0.09931,-0.00753
12.771,-0.10348,0.00537,-0.10144,-0.00718
12.804,-0.10483,0.00554,-0.1029,-0.00723
12.837,-0.10478,0.00565,-0.10331,-0.0071
12.87,-0.10424,0.00578,-0.10275,-0.00716
12.903,-0.10207,0.0058,-0.10098,-0.00673
12.936,-0.0989,0.00599,-0.09847,-0.00675
12.969,-0.09452,0.00583,-0.09451,-0.00639
13.002,-0.0893,0.00599,-0.09018,-0.00598
13.035,-0.08304,0.00617,-0.08487,-0.00547
13.068,-0.07591,0.00639,-0.07823,-0.00446
13.101,-0.06798,0.00643,-0.07141,-0.00393
13.134,-0.05944,0.00668,-0.06353,-0.00273
13.167,-0.05043,0.00741,-0.0549,-0.00239
13.2,-0.04046,0.00794,-0.046,-0.00156
13.233,-0.03014,0.0083,-0.03646,0.00017
13.266,-0.01943,0.00935,-0.02686,0.00126
13.299,-0.00835,0.01016,-0.01691,0.00269
13.332,0.00268,0.01116,-0.00691,0.00451
13.365,0.01342,0.01212,0.00359,0.00589
13.398,0.02395,0.01352,0.01314,0.00768
13.431,0.03439,0.01459,0.02275,0.00958
13.464,0.04399,0.01623,0.03198,0.01138
13.497,0.0531,0.01749,0.04083,0.01325
13.53,0.06185,0.01901,0.04889,0.01487
13.563,0.06966,0.02044,0.05641,0.01652
13.596,0.07662,0.02168,0.0634,0.01791
13.629,0.08302,0.023,0.06946,0.01943
13.662,0.0883,0.02392,0.07484,0.02071
13.695,0.09301,0.02499,0.0793,0.0214
13.728,0.0964,0.02574,0.08261,0.02222
13.761,0.0987,0.02617,0.08488,0.02238
13.794,0.10018,0.02679,0.08627,0.02263
13.827,0.10058,0.02682,0.08685,0.02235
13.86,0.10014,0.02677,0.08623,0.02248
13.893,0.09779,0.02636,0.08485,0.02177
13.926,0.09486,0.02586,0.08219,0.02128
13.959,0.09083,0.02519,0.07835,0.02027
13.992,0.08626,0.02434,0.0741,0.01912
14.025,0.08025,0.02326,0.06855,0.0174
14.058,0.07421,0.02203,0.06241,0.01631
14.091,0.0668,0.02066,0.05533,0.01433
14.124,0.05864,0.01922,0.04776,0.01261
14.157,0.04987,0.0178,0.03939,0.01118
14.19,0.04072,0.01629,0.03042,0.00936
14.223,0.03041,0.015,0.02125,0.00733
14.256,0.02,0.01355,0.01114,0.00525
14.289,0.00908,0.01227,0.00123,0.00389
14.322,-0.00212,0.01111,-0.00873,0.00211
14.355,-0.01285,0.01031,-0.019,0.00057
14.388,-0.02389,0.00943,-0.02902,-0.00049
14.421,-0.03464,0.00881,-0.03852,-0.00157
14.454,-0.04451,0.00807,-0.04771,-0.0029
14.487,-0.05416,0.00771,-0.05643,-0.00326
14.52,-0.06301,0.00696,-0.06502,-0.0044
14.553,-0.07188,0.00677,-0.07289,-0.00501
14.586,-0.07928,0.00652,-0.07995,-0.00569
14.619,-0.0857,0.00643,-0.08634,-0.00585
14.652,-0.09169,0.00613,-0.09121,-0.00648
14.685,-0.09647,0.00603,-0.09591,-0.00679
14.718,-0.10039,0.00576,-0.09979,-0.00701
14.751,-0.10295,0.00564,-0.10228,-0.00665
14.784,-0.10454,0.00538,-0.10385,-0.00711
14.817,-0.10505,0.00533,-0.1045,-0.007
14.85,-0.10434,0.00527,-0.1041,-0.00702
14.883,-0.10248,0.00518,-0.103,-0.00673
14.916,-0.09962,0.00518,-0.10049,-0.0066
14.949,-0.0956,0.00524,-0.09704,-0.00646
14.982,-0.09063,0.00551,-0.09216,-0.00557
15.015,-0.08475,0.00561,-0.08725,-0.00559
15.048,-0.07807,0.00547,-0.0807,-0.00513
15.081,-0.07017,0.00568,-0.07377,-0.00423
15.114,-0.06156,0.00617,-0.06625,-0.00377
15.147,-0.0523,0.00648,-0.05784,-0.00264
15.18,-0.04279,0.00698,-0.04871,-0.00165
15.213,-0.03256,0.00779,-0.03923,-0.00093
15.246,-0.02231,0.00866,-0.02948,0.00055
15.279,-0.01147,0.00952,-0.01926,0.00221
15.312,-0.00062,0.01047,-0.00932,0.00329
15.345,0.01031,0.01168,0.00096,0.00504
15.378,0.02083,0.01294,0.01123,0.00691
15.411,0.03146,0.01457,0.02105,0.00839
15.444,0.04117,0.01584,0.03042,0.01031
15.477,0.05025,0.01717,0.03947,0.0119
15.51,0.05901,0.01874,0.04806,0.01356
15.543,0.067,0.02,0.05592,0.01524
15.576,0.07405,0.02145,0.06288,0.01699
15.609,0.08023,0.02266,0.06938,0.0183
15.642,0.08573,0.02381,0.07467,0.01971
15.675,0.09054,0.02483,0.07939,0.02085
15.708,0.09451,0.02575,0.08289,0.02171
15.741,0.09731,0.02634,0.08592,0.02231
15.774,0.09921,0.02673,0.08736,0.02256
15.807,0.09963,0.02707,0.08811,0.02251
15.84,0.09955,0.02706,0.08785,0.02241
15.873,0.09794,0.02695,0.08651,0.0222
15.906,0.09539,0.02652,0.08424,0.02151
15.939,0.09157,0.0257,0.0806,0.02028
15.972,0.087,0.02492,0.07622,0.01948
16.005,0.08159,0.02387,0.07115,0.01851
16.038,0.07565,0.02275,0.06482,0.01697
16.071,0.06847,0.02119,0.05775,0.01537
16.104,0.06108,0.01988,0.05003,0.01369
16.137,0.052,0.01826,0.04178,0.01217
16.17,0.04298,0.01698,0.03288,0.01041
16.203,0.03306,0.01571,0.02349,0.0087
16.236,0.02269,0.01418,0.01393,0.00677
16.269,0.01173,0.01289,0.00383,0.00517
16.302,0.00115,0.01151,-0.0066,0.00346
16.335,-0.01008,0.01045,-0.01647,0.00216
16.368,-0.0206,0.0095,-0.02664,0.00068
16.401,-0.0309,0.00849,-0.03658,-0.00038
16.434,-0.04113,0.00781,-0.04629,-0.00152
16.467,-0.05095,0.00702,-0.05532,-0.00259
16.5,-0.05989,0.00659,-0.06364,-0.00375
16.533,-0.06822,0.00591,-0.07175,-0.00435
16.566,-0.07598,0.00558,-0.07897,-0.00479
16.599,-0.08265,0.0057,-0.08543,-0.00501
16.632,-0.08888,0.00525,-0.09137,-0.00561
16.665,-0.09377,0.005,-0.09613,-0.00598
16.698,-0.09786,0.00497,-0.09995,-0.00599
16.731,-0.10078,0.00499,-0.10288,-0.00655
16.764,-0.10284,0.00511,-0.10436,-0.00627
16.797,-0.1034,0.00516,-0.10528,-0.00647
16.83,-0.10341,0.0051,-0.1051,-0.00641
16.863,-0.10176,0.00475,-0.10404,-0.00632
16.896,-0.09935,0.00496,-0.1015,-0.00628
16.929,-0.0959,0.00515,-0.09825,-0.00606
16.962,-0.09128,0.00542,-0.0943,-0.00553
16.995,-0.08537,0.00558,-0.08888,-0.00552
17.028,-0.07904,0.00549,-0.08275,-0.00477
17.061,-0.07158,0.00593,-0.07557,-0.00421
17.094,-0.06345,0.00635,-0.06841,-0.00386
17.127,-0.05467,0.00687,-0.06002,-0.00305
17.16,-0.04521,0.00735,-0.0512,-0.00251
17.193,-0.03523,0.00784,-0.04182,-0.00088
17.226,-0.02521,0.00871,-0.03201,0
17.259,-0.01493,0.00964,-0.0221,0.00101
17.292,-0.00407,0.01051,-0.01202,0.00286
17.325,0.00717,0.01174,-0.0016,0.00444
17.358,0.01772,0.01295,0.00841,0.00587
17.391,0.02789,0.01426,0.0181,0.00735
17.424,0.03806,0.01577,0.02783,0.00893
17.457,0.04788,0.01701,0.03704,0.01102
17.49,0.05644,0.01871,0.04563,0.01231
17.523,0.06471,0.02004,0.05374,0.01426
17.556,0.07179,0.02149,0.06104,0.01594
17.589,0.07828,0.02281,0.06774,0.01747
17.622,0.08417,0.02411,0.07327,0.01898
17.655,0.08887,0.02505,0.07823,0.0197
17.688,0.093,0.02595,0.08184,0.02084
17.721,0.09608,0.02648,0.08514,0.0216
17.754,0.09825,0.02707,0.0871,0.02183
17.787,0.09899,0.02732,0.08785,0.02228
17.82,0.09935,0.02727,0.08775,0.02241
17.853,0.09798,0.0272,0.08665,0.02235
17.886,0.09587,0.02662,0.08438,0.02232
17.919,0.09285,0.02572,0.08113,0.0213
17.952,0.08819,0.02502,0.0769,0.02015
17.985,0.08323,0.0241,0.07178,0.01913
18.018,0.07735,0.02275,0.06581,0.01734
18.051,0.07029,0.02145,0.05909,0.01579
18.084,0.06265,0.01986,0.05142,0.01472
18.117,0.05433,0.01856,0.04294,0.0127
18.15,0.04525,0.01709,0.03444,0.01096
18.183,0.03553,0.01559,0.02499,0.00934
18.216,0.02578,0.01423,0.01537,0.00736
18.249,0.01529,0.01276,0.00549,0.0062
18.282,0.00433,0.01164,-0.00458,0.00474
18.315,-0.00663,0.01054,-0.01478,0.00283
18.348,-0.0171,0.0094,-0.02491,0.00158
18.381,-0.02766,0.00855,-0.03455,-0.00008
18.414,-0.03785,0.00762,-0.04415,-0.00071
18.447,-0.04732,0.00732,-0.05313,-0.00188
18.48,-0.05673,0.00662,-0.06174,-0.00268
18.513,-0.06516,0.00601,-0.06971,-0.00378
18.546,-0.07296,0.0056,-0.07716,-0.00404
18.579,-0.08044,0.00525,-0.08389,-0.00461
18.612,-0.08676,0.00542,-0.08956,-0.00517
18.645,-0.09221,0.00516,-0.09403,-0.00516
18.678,-0.09641,0.0049,-0.09823,-0.00607
18.711,-0.09987,0.00465,-0.10101,-0.0058
18.744,-0.10215,0.00481,-0.10307,-0.00607
18.777,-0.10322,0.00498,-0.10384,-0.0062
18.81,-0.10333,0.00477,-0.10424,-0.00606
18.843,-0.10227,0.00507,-0.10321,-0.00605
18.876,-0.10003,0.00512,-0.10117,-0.00571
18.909,-0.09698,0.0052,-0.09795,-0.00611
18.942,-0.0924,0.00518,-0.0939,-0.00596
18.975,-0.08727,0.00524,-0.08891,-0.00572
19.008,-0.08094,0.00561,-0.08335,-0.00533
19.041,-0.07387,0.0058,-0.07644,-0.00479
19.074,-0.06589,0.00627,-0.06923,-0.00476
19.107,-0.05716,0.00669,-0.0613,-0.00349
19.14,-0.0479,0.00706,-0.05238,-0.00291
19.173,-0.03853,0.00735,-0.04336,-0.00217
19.206,-0.02835,0.00847,-0.03398,-0.0008
19.239,-0.01756,0.00945,-0.02388,0.00011
19.272,-0.00711,0.01052,-0.01399,0.00184
19.305,0.00397,0.01135,-0.00392,0.00324
19.338,0.01449,0.01228,0.00612,0.00501
19.371,0.0253,0.01409,0.01596,0.00688
19.404,0.0354,0.01536,0.02536,0.0085
19.437,0.04502,0.01675,0.03455,0.01015
19.47,0.05409,0.01796,0.04311,0.01223
19.503,0.06255,0.01958,0.0514,0.01381
19.536,0.07015,0.02093,0.05873,0.01554
19.569,0.07687,0.02208,0.06555,0.01706
19.602,0.08252,0.02347,0.07116,0.01845
19.635,0.08743,0.02436,0.07615,0.01952
19.668,0.09198,0.02508,0.08024,0.02058
19.701,0.09524,0.02593,0.08332,0.02117
19.734,0.09759,0.02633,0.08562,0.02179
19.767,0.0987,0.02647,0.08663,0.02216
19.8,0.09882,0.02632,0.08668,0.02244
19.833,0.0979,0.02598,0.08598,0.02227
19.866,0.09586,0.0257,0.08385,0.02189
19.899,0.09285,0.0252,0.08079,0.02146
19.932,0.08907,0.02446,0.07705,0.02055
19.965,0.08462,0.02337,0.07201,0.0196
19.998,0.07881,0.02248,0.06654,0.01809
20.031,0.07256,0.02106,0.05972,0.01687
20.064,0.06543,0.01966,0.05263,0.01537
20.097,0.0571,0.01816,0.04483,0.01376
20.13,0.04802,0.01678,0.03635,0.01219
20.163,0.03866,0.01545,0.0272,0.01033
20.196,0.02882,0.0142,0.01794,0.00887
20.229,0.01861,0.01255,0.00826,0.00701
20.262,0.00787,0.01137,-0.00195,0.00546
20.295,-0.00287,0.01025,-0.01165,0.00323
20.328,-0.01366,0.00932,-0.02186,0.00154
20.361,-0.02421,0.00839,-0.03173,0.00098
20.394,-0.03454,0.00761,-0.04121,-0.00083
20.427,-0.0445,0.00689,-0.05059,-0.00183
20.46,-0.05373,0.00642,-0.05932,-0.00304
20.493,-0.06279,0.00609,-0.06689,-0.00347
20.526,-0.07125,0.00569,-0.07438,-0.00454
20.559,-0.07887,0.00549,-0.08136,-0.00513
20.592,-0.08539,0.00534,-0.087,-0.00549
20.625,-0.09089,0.00529,-0.09197,-0.00572
20.658,-0.09548,0.0053,-0.09591,-0.00648
20.691,-0.09911,0.00534,-0.09896,-0.00684
20.724,-0.10166,0.00536,-0.10134,-0.0069
20.757,-0.10314,0.00551,-0.1028,-0.00693
20.79,-0.10355,0.00537,-0.10306,-0.00685
20.823,-0.10282,0.00533,-0.10245,-0.0071
20.856,-0.10133,0.00535,-0.10099,-0.00688
20.889,-0.0984,0.00522,-0.09807,-0.00692
20.922,-0.09431,0.00554,-0.09434,-0.00695
20.955,-0.08961,0.0058,-0.0897,-0.00621
20.988,-0.08368,0.00591,-0.08403,-0.00574
21.021,-0.07694,0.00615,-0.07764,-0.0057
21.054,-0.06916,0.00641,-0.07071,-0.00532
21.087,-0.0606,0.00676,-0.06291,-0.00436
21.12,-0.05176,0.00746,-0.05477,-0.00338
21.153,-0.04229,0.00802,-0.04591,-0.00268
21.186,-0.03196,0.00865,-0.03652,-0.00177
21.219,-0.02195,0.00937,-0.02708,-0.00005
21.252,-0.01125,0.0103,-0.01738,0.00116
21.285,-0.0004,0.01147,-0.00751,0.00275
21.318,0.01023,0.01272,0.00231,0.00431
21.351,0.02119,0.01393,0.01221,0.00583
21.384,0.03137,0.01524,0.02146,0.00784
21.417,0.04132,0.01675,0.03098,0.00972
21.45,0.05073,0.01816,0.03978,0.01124
21.483,0.05934,0.01952,0.04782,0.0134
21.516,0.06734,0.02083,0.055,0.01529
21.549,0.07439,0.02227,0.06197,0.01671
21.582,0.08085,0.0233,0.06813,0.01816
21.615,0.08577,0.02427,0.07311,0.02002
21.648,0.09071,0.02529,0.07737,0.02123
21.681,0.09432,0.02593,0.08092,0.02215
21.714,0.0966,0.02633,0.08331,0.0226
21.747,0.09812,0.02643,0.08468,0.02312
21.78,0.09894,0.02621,0.08515,0.02339
21.813,0.09838,0.02617,0.08481,0.02324
21.846,0.09674,0.02592,0.08316,0.02313
21.879,0.09396,0.0252,0.08061,0.02256
21.912,0.09031,0.0245,0.07702,0.02173
21.945,0.08562,0.02373,0.07269,0.02079
21.978,0.08014,0.02247,0.06752,0.01941
22.011,0.07409,0.02136,0.06142,0.01831
22.044,0.06708,0.0201,0.05462,0.0165
22.077,0.05914,0.01861,0.04697,0.01488
22.11,0.05039,0.01714,0.03902,0.01322
22.143,0.04114,0.01568,0.03028,0.01133
22.176,0.03158,0.01434,0.02123,0.00952
22.209,0.02137,0.01299,0.01188,0.00742
22.242,0.01055,0.01192,0.00194,0.00631
22.275,-0.00011,0.01066,-0.00766,0.00447
22.308,-0.01116,0.00976,-0.01752,0.0027
22.341,-0.02155,0.00856,-0.02713,0.00109
22.374,-0.03181,0.00792,-0.03683,-0.00052
22.407,-0.04231,0.00734,-0.04594,-0.00155
22.44,-0.05183,0.00681,-0.05472,-0.00252
22.473,-0.06105,0.00638,-0.06302,-0.00373
22.506,-0.06926,0.00613,-0.07075,-0.00462
22.539,-0.07676,0.0059,-0.07738,-0.00545
22.572,-0.08385,0.00569,-0.08363,-0.00662
22.605,-0.08969,0.00569,-0.08825,-0.00646
22.638,-0.09467,0.00578,-0.09275,-0.00678
22.671,-0.09862,0.00563,-0.09653,-0.00744
22.704,-0.10152,0.00581,-0.09946,-0.00761
22.737,-0.10327,0.00587,-0.10072,-0.00709
22.77,-0.10382,0.00614,-0.10135,-0.00794
22.803,-0.10355,0.00607,-0.10142,-0.00774
22.836,-0.10206,0.00614,-0.10027,-0.00793
22.869,-0.09946,0.00625,-0.09784,-0.00792
22.902,-0.09597,0.00649,-0.09472,-0.00718
22.935,-0.09127,0.00642,-0.09034,-0.00694
22.968,-0.08531,0.00641,-0.08572,-0.00666
23.001,-0.07873,0.00655,-0.07974,-0.00644
23.034,-0.07135,0.00704,-0.07308,-0.0061
23.067,-0.06308,0.00735,-0.0661,-0.00517
23.1,-0.05401,0.00757,-0.05781,-0.00463
23.133,-0.04475,0.00822,-0.04975,-0.00342
23.166,-0.03478,0.00889,-0.04038,-0.00202
23.199,-0.0246,0.00954,-0.03131,-0.00073
23.232,-0.01379,0.01039,-0.02145,0.0008
23.265,-0.00305,0.01151,-0.01182,0.00198
23.298,0.00773,0.01256,-0.00179,0.00401
23.331,0.01859,0.01373,0.00771,0.00537
23.364,0.02901,0.01515,0.01708,0.00734
23.397,0.03886,0.01619,0.0267,0.00906
23.43,0.0481,0.01775,0.03508,0.01103
23.463,0.05706,0.01883,0.04362,0.01309
23.496,0.06515,0.02034,0.05124,0.01438
23.529,0.07228,0.0216,0.05814,0.0165
23.562,0.07894,0.02284,0.06477,0.01774
23.595,0.08453,0.02404,0.07017,0.01902
23.628,0.0896,0.02475,0.07457,0.02044
23.661,0.09349,0.02535,0.07827,0.02141
23.694,0.09635,0.02605,0.08131,0.0222
23.727,0.0982,0.02655,0.08312,0.02333
23.76,0.09908,0.02692,0.08403,0.02339
23.793,0.09893,0.02675,0.08415,0.02306
23.826,0.09752,0.0265,0.08308,0.02312
23.859,0.09485,0.02621,0.08098,0.02257
23.892,0.09135,0.02524,0.07806,0.02161
23.925,0.0873,0.02435,0.07412,0.02038
23.958,0.08192,0.02327,0.06911,0.01927
23.991,0.07554,0.02218,0.06331,0.01791
24.024,0.06883,0.02078,0.0569,0.01616
24.057,0.0612,0.01908,0.04977,0.01442
24.09,0.05298,0.01775,0.04195,0.01293
24.123,0.04345,0.01652,0.03365,0.01077
24.156,0.03358,0.01502,0.0248,0.00912
24.189,0.02342,0.01366,0.01546,0.00698
24.222,0.01295,0.01234,0.00604,0.00525
24.255,0.00237,0.01132,-0.00361,0.00388
24.288,-0.00855,0.01048,-0.0135,0.00216
24.321,-0.019,0.00974,-0.02297,0.00021
24.354,-0.02945,0.00894,-0.03234,-0.0008
24.387,-0.03936,0.00831,-0.04146,-0.002
24.42,-0.04928,0.00787,-0.05077,-0.00348
24.453,-0.05816,0.00742,-0.05917,-0.00441
24.486,-0.06728,0.0069,-0.06662,-0.00514
24.519,-0.07495,0.00686,-0.07333,-0.00569
24.552,-0.08186,0.0065,-0.07988,-0.00661
24.585,-0.08802,0.00643,-0.08572,-0.00687
24.618,-0.09342,0.00637,-0.09059,-0.00733
24.651,-0.09743,0.00615,-0.09444,-0.00793
24.684,-0.10065,0.00634,-0.09737,-0.00783
24.717,-0.10305,0.00628,-0.09941,-0.00809
24.75,-0.10407,0.0062,-0.10063,-0.00772
24.783,-0.10426,0.00622,-0.10084,-0.00764
24.816,-0.10306,0.00605,-0.10018,-0.00793
24.849,-0.10062,0.00627,-0.09875,-0.00736
24.882,-0.0973,0.00616,-0.09551,-0.00765
24.915,-0.09304,0.00642,-0.09247,-0.00741
24.948,-0.08764,0.0068,-0.08772,-0.00684
24.981,-0.08087,0.00671,-0.08228,-0.00652
25.014,-0.07372,0.00679,-0.07602,-0.00621
25.047,-0.06553,0.00713,-0.06931,-0.00532
25.08,-0.05677,0.00712,-0.06186,-0.00432
25.113,-0.04767,0.00799,-0.0533,-0.00276
25.146,-0.03753,0.00848,-0.04472,-0.00209
25.179,-0.02721,0.00941,-0.03579,-0.00134
25.212,-0.01684,0.01005,-0.02642,0.00023
25.245,-0.00574,0.01103,-0.01673,0.00192
25.278,0.00463,0.01217,-0.00703,0.00347
25.311,0.01501,0.0132,0.00279,0.0052
25.344,0.02604,0.0142,0.01249,0.00686
25.377,0.03569,0.01556,0.02161,0.00899
25.41,0.04541,0.01711,0.0309,0.01069
25.443,0.05464,0.01831,0.03926,0.01253
25.476,0.06246,0.01987,0.04735,0.01433
25.509,0.06984,0.02119,0.05475,0.01603
25.542,0.07663,0.02225,0.06153,0.01743
25.575,0.08228,0.0235,0.06771,0.01916
25.608,0.08747,0.0242,0.07257,0.02032
25.641,0.09192,0.02519,0.07675,0.0214
25.674,0.09481,0.02587,0.08014,0.02234
25.707,0.09691,0.0264,0.08235,0.02265
25.74,0.09784,0.02627,0.08372,0.02341
25.773,0.0979,0.02635,0.08424,0.02308
25.806,0.09718,0.02623,0.08379,0.02319
25.839,0.09512,0.0258,0.08254,0.0226
25.872,0.0919,0.02513,0.07983,0.02213
25.905,0.08754,0.0243,0.07626,0.02105
25.938,0.08227,0.02334,0.07201,0.0198
25.971,0.07674,0.02214,0.06676,0.01857
26.004,0.07037,0.02103,0.06057,0.01699
26.037,0.06267,0.01952,0.0538,0.01557
26.07,0.0544,0.01857,0.04653,0.01399
26.103,0.04553,0.01692,0.03819,0.01207
26.136,0.03572,0.01547,0.02948,0.01005
26.169,0.02565,0.0144,0.02062,0.00839
26.202,0.01526,0.01322,0.01119,0.00666
26.235,0.00465,0.01182,0.00129,0.00481
26.268,-0.00645,0.01097,-0.00826,0.00274
26.301,-0.0171,0.01003,-0.01816,0.0011
26.334,-0.0279,0.00923,-0.02744,-0.00037
26.367,-0.03768,0.00847,-0.03723,-0.0014
26.4,-0.04768,0.00806,-0.04609,-0.00288
26.433,-0.05665,0.00746,-0.05467,-0.00414
26.466,-0.06522,0.007,-0.06317,-0.00445
26.499,-0.07322,0.00697,-0.07063,-0.00522
26.532,-0.08046,0.00663,-0.07726,-0.0059
26.565,-0.0868,0.0064,-0.08362,-0.00651
26.598,-0.09215,0.00626,-0.08912,-0.00695
26.631,-0.0964,0.00597,-0.09363,-0.00735
26.664,-0.0998,0.00605,-0.09699,-0.00721
26.697,-0.10224,0.00608,-0.09972,-0.00748
26.73,-0.10332,0.00613,-0.10109,-0.00754
26.763,-0.10355,0.00612,-0.10173,-0.00778
26.796,-0.10274,0.00613,-0.10176,-0.0076
26.829,-0.10031,0.00602,-0.10056,-0.00773
26.862,-0.09728,0.00605,-0.09836,-0.00725
26.895,-0.093,0.00595,-0.09509,-0.00718
26.928,-0.08765,0.00595,-0.09092,-0.00682
26.961,-0.08167,0.00606,-0.08567,-0.00618
26.994,-0.07482,0.00605,-0.08016,-0.00528
27.027,-0.06677,0.00651,-0.07329,-0.00484
27.06,-0.05836,0.00671,-0.06589,-0.00449
27.093,-0.0495,0.00698,-0.05791,-0.00372
27.126,-0.03976,0.00763,-0.04969,-0.00241
27.159,-0.02954,0.00825,-0.04039,-0.00113
27.192,-0.01915,0.00914,-0.03091,0.00028
27.225,-0.0086,0.00989,-0.0214,0.00194
27.258,0.00205,0.01084,-0.01138,0.00338
27.291,0.01268,0.01224,-0.00178,0.00481
27.324,0.02272,0.0133,0.00794,0.00676
27.357,0.03275,0.01493,0.01777,0.00858
27.39,0.04224,0.01605,0.02714,0.01043
27.423,0.05122,0.01762,0.03607,0.01209
27.456,0.05947,0.019,0.04446,0.0139
27.489,0.06728,0.02001,0.05194,0.01562
27.522,0.07394,0.02133,0.05915,0.01733
27.555,0.07996,0.0228,0.0658,0.01857
27.588,0.08531,0.02356,0.07119,0.01985
27.621,0.08955,0.02455,0.07599,0.02061
27.654,0.0929,0.02529,0.07959,0.02188
27.687,0.09514,0.02579,0.08243,0.02274
27.72,0.09669,0.02645,0.0843,0.02314
27.753,0.09672,0.02672,0.08521,0.02357
27.786,0.0965,0.02642,0.08516,0.02334
27.819,0.09463,0.02638,0.08436,0.02265
27.852,0.0918,0.02574,0.08221,0.02226
27.885,0.08777,0.02501,0.07892,0.02132
27.918,0.0831,0.02397,0.07494,0.02037
27.951,0.07782,0.02328,0.06996,0.01875
27.984,0.07124,0.02186,0.06433,0.01763
28.017,0.06418,0.02044,0.0576,0.01603
28.05,0.05623,0.0188,0.05048,0.01415
28.083,0.04759,0.0176,0.04202,0.01207
28.116,0.03824,0.01633,0.03378,0.01033
28.149,0.02859,0.01501,0.02497,0.00875
28.182,0.01805,0.01357,0.01565,0.00643
28.215,0.00759,0.01253,0.00537,0.00468
28.248,-0.00294,0.01122,-0.00397,0.00321
28.281,-0.01348,0.01048,-0.01427,0.00176
28.314,-0.0238,0.00961,-0.02406,-0.00055
28.347,-0.03382,0.00878,-0.0337,-0.00127
28.38,-0.04351,0.00819,-0.04315,-0.0026
28.413,-0.05317,0.00756,-0.0523,-0.00374
28.446,-0.06215,0.0072,-0.0605,-0.00466
28.479,-0.06976,0.00661,-0.06859,-0.00509
28.512,-0.07742,0.00645,-0.07589,-0.00559
28.545,-0.08371,0.00636,-0.08249,-0.00622
28.578,-0.08914,0.0061,-0.08798,-0.00661
28.611,-0.09407,0.00602,-0.09317,-0.00631
28.644,-0.09783,0.00582,-0.09699,-0.00695
28.677,-0.1002,0.00575,-0.1001,-0.00775
28.71,-0.10174,0.00543,-0.10211,-0.00734
28.743,-0.10208,0.00541,-0.10319,-0.00708
28.776,-0.10168,0.00536,-0.10327,-0.00694
28.809,-0.10011,0.0054,-0.10256,-0.00725
28.842,-0.09723,0.00539,-0.10065,-0.00683
28.875,-0.09335,0.00555,-0.09778,-0.00616
28.908,-0.08852,0.00541,-0.09382,-0.00631
28.941,-0.08283,0.00531,-0.0892,-0.00604
28.974,-0.07613,0.00566,-0.08377,-0.00533
29.007,-0.06868,0.00597,-0.07719,-0.00454
29.04,-0.0603,0.00624,-0.0699,-0.00429
29.073,-0.05125,0.00661,-0.06208,-0.00348
29.106,-0.04237,0.00722,-0.05341,-0.00229
29.139,-0.03248,0.00794,-0.04427,-0.00139
29.172,-0.02226,0.00865,-0.03453,0.00002
29.205,-0.01169,0.00982,-0.02485,0.00157
29.238,-0.00143,0.01076,-0.01475,0.00289
29.271,0.00898,0.01198,-0.00502,0.00434
29.304,0.01909,0.01306,0.00504,0.00578
29.337,0.02938,0.01447,0.01491,0.00714
29.37,0.03903,0.01591,0.02452,0.00942
29.403,0.04834,0.01734,0.03419,0.01119
29.436,0.05709,0.01881,0.04245,0.01279
29.469,0.06466,0.02011,0.05064,0.01461
29.502,0.07199,0.02141,0.05799,0.01614
29.535,0.07813,0.02277,0.0647,0.01762
29.568,0.08354,0.02394,0.07062,0.01903
29.601,0.08799,0.02495,0.07569,0.02006
29.634,0.09176,0.02581,0.08011,0.0211
29.667,0.09448,0.02621,0.08332,0.02209
29.7,0.09633,0.02643,0.08552,0.0223
29.733,0.09681,0.02674,0.08691,0.02206
29.766,0.09685,0.02689,0.08701,0.0224
29.799,0.09531,0.02669,0.08631,0.02237
29.832,0.09261,0.02625,0.08469,0.02179
29.865,0.08897,0.0255,0.08154,0.02079
29.898,0.08472,0.02458,0.07791,0.01986
29.931,0.07945,0.02359,0.07317,0.01852
29.964,0.0734,0.0224,0.06772,0.01722
29.997,0.06642,0.02104,0.06101,0.01575
30.03,0.05867,0.01963,0.05395,0.01432
30.063,0.05055,0.0182,0.04625,0.01223
30.096,0.04162,0.01683,0.03782,0.01021
30.129,0.03207,0.01557,0.02845,0.00849
30.162,0.02245,0.01407,0.01923,0.00711
30.195,0.01224,0.01288,0.00926,0.00506
30.228,0.00148,0.0116,-0.00055,0.00334
30.261,-0.00878,0.01057,-0.01053,0.00156
30.294,-0.01904,0.00983,-0.02068,0.00049
30.327,-0.02918,0.00882,-0.03054,-0.00052
30.36,-0.03928,0.00793,-0.04063,-0.00189
30.393,-0.04853,0.00745,-0.04952,-0.00292
30.426,-0.05729,0.00676,-0.05864,-0.00395
30.459,-0.06535,0.0062,-0.06663,-0.00494
30.492,-0.07305,0.00615,-0.07388,-0.00586
30.525,-0.0799,0.00585,-0.08126,-0.00607
30.558,-0.0859,0.00576,-0.08714,-0.00621
30.591,-0.09063,0.00553,-0.0927,-0.00642
30.624,-0.09486,0.00546,-0.09684,-0.00722
30.657,-0.09789,0.00541,-0.10042,-0.00715
30.69,-0.09984,0.00548,-0.10296,-0.00686
30.723,-0.10049,0.00539,-0.10445,-0.00707
30.756,-0.10003,0.00535,-0.10457,-0.00697
30.789,-0.09883,0.00539,-0.10417,-0.00714
30.822,-0.09644,0.0055,-0.10248,-0.00702
30.855,-0.09317,0.00562,-0.10008,-0.00679
30.888,-0.08855,0.00573,-0.09641,-0.00604
30.921,-0.0833,0.00571,-0.0917,-0.00594
30.954,-0.07697,0.0059,-0.08664,-0.00594
30.987,-0.06963,0.00611,-0.07989,-0.00533
31.02,-0.06193,0.00652,-0.07288,-0.00485
31.053,-0.05339,0.00706,-0.06508,-0.0041
31.086,-0.04428,0.0073,-0.05654,-0.00294
31.119,-0.03479,0.00806,-0.04748,-0.00182
31.152,-0.02492,0.00881,-0.03756,-0.0007
31.185,-0.01433,0.00969,-0.02781,0.00065
31.218,-0.00438,0.01061,-0.01809,0.00215
31.251,0.00603,0.01177,-0.00758,0.00361
31.284,0.01665,0.01301,0.0025,0.00494
31.317,0.02681,0.01433,0.01253,0.00691
31.35,0.03682,0.0158,0.02245,0.00858
31.383,0.04586,0.01719,0.03186,0.01046
31.416,0.05501,0.01844,0.04109,0.01209
31.449,0.06267,0.01968,0.04935,0.01408
31.482,0.06965,0.02128,0.05725,0.0156
31.515,0.0762,0.02239,0.06431,0.01712
31.548,0.08154,0.02357,0.07047,0.01845
31.581,0.08637,0.02433,0.07552,0.01993
31.614,0.09028,0.02528,0.08017,0.02088
31.647,0.09359,0.0258,0.08367,0.02151
31.68,0.09539,0.02589,0.0862,0.02228
31.713,0.09643,0.0264,0.08781,0.0229
31.746,0.09635,0.02657,0.08823,0.02268
31.779,0.09506,0.0261,0.08789,0.02263
31.812,0.09284,0.02579,0.08635,0.02209
31.845,0.08966,0.02492,0.08382,0.02173
31.878,0.08528,0.02413,0.07996,0.02046
31.911,0.08047,0.02311,0.07534,0.01959
31.944,0.07471,0.02188,0.07021,0.01801
31.977,0.06801,0.02065,0.06358,0.01646
32.01,0.06066,0.01951,0.05639,0.01495
32.043,0.05252,0.01775,0.04884,0.01324
32.076,0.04368,0.0165,0.04034,0.0117
32.109,0.03441,0.01519,0.03136,0.00956
32.142,0.02476,0.01373,0.02173,0.00788
32.175,0.01458,0.01236,0.01184,0.00625
32.208,0.00428,0.01131,0.00179,0.00434
32.241,-0.00598,0.0103,-0.00893,0.00271
32.274,-0.01655,0.00911,-0.01874,0.00123
32.307,-0.02658,0.00845,-0.02873,-0.00033
32.34,-0.03668,0.00758,-0.03832,-0.00153
32.373,-0.04611,0.00701,-0.04824,-0.00263
32.406,-0.05534,0.0067,-0.05707,-0.00334
32.439,-0.06374,0.00628,-0.06554,-0.00426
32.472,-0.07114,0.00559,-0.07358,-0.00481
32.505,-0.07805,0.00545,-0.08016,-0.0055
32.538,-0.08435,0.00552,-0.08659,-0.00603
32.571,-0.08931,0.00532,-0.09241,-0.00643
32.604,-0.09399,0.00515,-0.09695,-0.00687
32.637,-0.09718,0.00502,-0.10076,-0.00692
32.67,-0.09961,0.00515,-0.10334,-0.00688
32.703,-0.10085,0.0053,-0.10517,-0.00732
32.736,-0.10097,0.00529,-0.10544,-0.00672
32.769,-0.10031,0.00533,-0.10495,-0.00711
32.802,-0.09795,0.00539,-0.10383,-0.00717
32.835,-0.09503,0.00548,-0.10147,-0.00713
32.868,-0.09085,0.00564,-0.09828,-0.00704
32.901,-0.0859,0.00582,-0.09367,-0.00653
32.934,-0.07978,0.00622,-0.08824,-0.00634
32.967,-0.07324,0.00629,-0.08148,-0.00563
33,-0.06556,0.00647,-0.07498,-0.0053
33.033,-0.05718,0.00706,-0.06734,-0.004
33.066,-0.04824,0.00753,-0.05893,-0.00324
33.099,-0.03897,0.00833,-0.0501,-0.00278
33.132,-0.02914,0.00897,-0.04042,-0.00196
33.165,-0.01885,0.01004,-0.03057,-0.00087
33.198,-0.00842,0.01106,-0.0203,0.00108
33.231,0.00185,0.01203,-0.01023,0.002
33.264,0.01244,0.01297,0.00012,0.00417
33.297,0.02224,0.01419,0.01018,0.00599
33.33,0.03229,0.01582,0.02041,0.00806
33.363,0.04181,0.01697,0.02968,0.00979
33.396,0.05062,0.01839,0.0392,0.01094
33.429,0.05871,0.01967,0.04769,0.01329
33.462,0.06632,0.0212,0.05545,0.01498
33.495,0.07303,0.02236,0.06256,0.01677
33.528,0.07896,0.02353,0.06924,0.01824
33.561,0.08432,0.02461,0.07449,0.01953
33.594,0.08847,0.02539,0.07909,0.02054
33.627,0.09159,0.02584,0.08298,0.02157
33.66,0.09392,0.02602,0.08582,0.02241
33.693,0.09531,0.02608,0.08753,0.02266
33.726,0.09546,0.02606,0.08829,0.02269
33.759,0.09498,0.02595,0.08786,0.0226
33.792,0.09313,0.02536,0.08674,0.02242
33.825,0.09031,0.02493,0.08438,0.02202
33.858,0.08616,0.02408,0.08076,0.02095
33.891,0.08169,0.02306,0.07648,0.0204
33.924,0.07633,0.022,0.07134,0.01921
33.957,0.06993,0.02091,0.065,0.01745
33.99,0.06288,0.01938,0.05825,0.01605
34.023,0.05532,0.01811,0.05075,0.01472
34.056,0.0471,0.01693,0.04251,0.01249
34.089,0.03793,0.01557,0.0333,0.01079
34.122,0.02865,0.01405,0.02374,0.00899
34.155,0.01842,0.01282,0.01411,0.0073
34.188,0.00762,0.01197,0.00396,0.00538
34.221,-0.00265,0.01076,-0.00646,0.00387
34.254,-0.01304,0.0096,-0.01633,0.00245
34.287,-0.02336,0.0089,-0.02643,0.00093
34.32,-0.03323,0.00789,-0.0366,-0.00058
34.353,-0.04283,0.00755,-0.04631,-0.00167
34.386,-0.05178,0.00689,-0.05515,-0.00271
34.419,-0.06053,0.00642,-0.06396,-0.00381
34.452,-0.06846,0.00607,-0.07157,-0.00405
34.485,-0.07581,0.00598,-0.07883,-0.00493
34.518,-0.08239,0.00576,-0.08538,-0.00565
34.551,-0.08798,0.00562,-0.09103,-0.00669
34.584,-0.09269,0.0055,-0.09623,-0.00673
34.617,-0.09645,0.00564,-0.10015,-0.00696
34.65,-0.09888,0.00573,-0.10283,-0.00721
34.683,-0.10032,0.00559,-0.10476,-0.00735
34.716,-0.10072,0.00549,-0.10565,-0.00695
34.749,-0.10048,0.00546,-0.10545,-0.00716
34.782,-0.09871,0.00555,-0.10416,-0.00727
34.815,-0.09596,0.00568,-0.10167,-0.00722
34.848,-0.09238,0.00559,-0.09879,-0.00647
34.881,-0.08741,0.00592,-0.09412,-0.00636
34.914,-0.08171,0.00616,-0.08905,-0.00641
34.947,-0.0752,0.00653,-0.08305,-0.00587
34.98,-0.06793,0.00663,-0.07635,-0.00518
35.013,-0.05977,0.00716,-0.06883,-0.00491
35.046,-0.05105,0.00732,-0.06064,-0.00443
35.079,-0.04198,0.00806,-0.05187,-0.00329
35.112,-0.03191,0.00896,-0.04249,-0.00204
35.145,-0.02209,0.00962,-0.033,-0.00108
35.178,-0.01161,0.01055,-0.02308,0.00015
35.211,-0.00152,0.01149,-0.01292,0.002
35.244,0.00919,0.01256,-0.0028,0.00346
35.277,0.01925,0.01381,0.0073,0.0051
35.31,0.02893,0.01505,0.01726,0.00685
35.343,0.03862,0.0165,0.02703,0.0092
35.376,0.04755,0.01767,0.03628,0.01098
35.409,0.05599,0.0191,0.04504,0.01266
35.442,0.06384,0.02025,0.05317,0.01478
35.475,0.07076,0.02152,0.06055,0.01645
35.508,0.07685,0.0226,0.06721,0.0177
35.541,0.08205,0.02348,0.07309,0.01911
35.574,0.08672,0.02418,0.0778,0.02034
35.607,0.09037,0.02487,0.08202,0.02135
35.64,0.09336,0.02572,0.08486,0.02204
35.673,0.09497,0.02571,0.08676,0.0228
35.706,0.09557,0.02574,0.08779,0.02281
35.739,0.09512,0.02577,0.08786,0.02277
35.772,0.09356,0.0255,0.08691,0.02251
35.805,0.09127,0.02502,0.0847,0.02213
35.838,0.08769,0.02424,0.08148,0.02095
35.871,0.08334,0.02322,0.07741,0.02012
35.904,0.07826,0.02233,0.07255,0.01931
35.937,0.07167,0.02097,0.06636,0.01784
35.97,0.065,0.02,0.05975,0.01633
36.003,0.05745,0.01852,0.05226,0.01465
36.036,0.04906,0.01716,0.0442,0.0128
36.069,0.04014,0.01574,0.03564,0.01082
36.102,0.03067,0.01466,0.02607,0.00912
36.135,0.0208,0.01333,0.01642,0.00747
36.168,0.01075,0.01219,0.00656,0.00548
36.201,0.00052,0.01139,-0.00338,0.00385
36.234,-0.00996,0.01021,-0.01342,0.00241
36.267,-0.02011,0.00929,-0.02366,0.00151
36.3,-0.03025,0.00869,-0.03347,-0.00038
36.333,-0.03949,0.00773,-0.04297,-0.0014
36.366,-0.04887,0.00723,-0.05181,-0.00246
36.399,-0.05735,0.00686,-0.06086,-0.00343
36.432,-0.06592,0.00645,-0.06892,-0.00421
36.465,-0.07323,0.00646,-0.07582,-0.00489
36.498,-0.08015,0.00602,-0.08253,-0.00544
36.531,-0.08584,0.00608,-0.08857,-0.00579
36.564,-0.09083,0.00595,-0.09358,-0.0062
36.597,-0.09475,0.00585,-0.09749,-0.00648
36.63,-0.09761,0.00608,-0.10073,-0.00681
36.663,-0.09945,0.0061,-0.10261,-0.00699
36.696,-0.10033,0.0062,-0.1037,-0.00742
36.729,-0.09984,0.00628,-0.10405,-0.00736
36.762,-0.09874,0.00631,-0.10328,-0.00722
36.795,-0.09641,0.00652,-0.10138,-0.00752
36.828,-0.0929,0.00645,-0.09867,-0.0071
36.861,-0.08855,0.00665,-0.09451,-0.00746
36.894,-0.08298,0.00661,-0.09002,-0.00709
36.927,-0.07685,0.00678,-0.08457,-0.00649
36.96,-0.06961,0.00712,-0.07747,-0.00617
36.993,-0.06146,0.0073,-0.0705,-0.00541
37.026,-0.05301,0.00777,-0.06253,-0.00452
37.059,-0.04399,0.00816,-0.05431,-0.00368
37.092,-0.03398,0.00877,-0.04519,-0.00253
37.125,-0.02471,0.00955,-0.03549,-0.00139
37.158,-0.01418,0.01045,-0.02558,-0.00035
37.191,-0.00397,0.01118,-0.016,0.00101
37.224,0.00654,0.01221,-0.00602,0.00265
37.257,0.01669,0.01342,0.00411,0.00457
37.29,0.02666,0.01459,0.01413,0.00655
37.323,0.03648,0.0157,0.02352,0.0083
37.356,0.04535,0.01694,0.03293,0.01
37.389,0.05388,0.0183,0.04175,0.01192
37.422,0.06173,0.01957,0.05016,0.01371
37.455,0.0689,0.02092,0.05753,0.01564
37.488,0.07528,0.02216,0.06422,0.01736
37.521,0.08064,0.02286,0.07043,0.01868
37.554,0.08518,0.02367,0.07515,0.02015
37.587,0.08893,0.0245,0.07949,0.02138
37.62,0.09226,0.02517,0.08302,0.02239
37.653,0.09427,0.02555,0.08534,0.02329
37.686,0.09493,0.02574,0.08666,0.02336
37.719,0.09508,0.02569,0.087,0.02345
37.752,0.0941,0.02557,0.08636,0.02341
37.785,0.09168,0.02518,0.08459,0.02319
37.818,0.0883,0.02447,0.08189,0.02248
37.851,0.084,0.02357,0.07813,0.02142
37.884,0.07897,0.02266,0.07338,0.02024
37.917,0.07343,0.02164,0.06767,0.01931
37.95,0.06715,0.02045,0.06135,0.01757
37.983,0.0597,0.01908,0.05421,0.01586
38.016,0.05192,0.01793,0.04675,0.014
38.049,0.04295,0.01662,0.038,0.01235
38.082,0.03371,0.01544,0.0292,0.01037
38.115,0.02407,0.01416,0.01963,0.00836
38.148,0.01355,0.01313,0.00999,0.00698
38.181,0.00335,0.01187,0.00006,0.00517
38.214,-0.0069,0.01092,-0.00976,0.00353
38.247,-0.01746,0.01004,-0.01981,0.00152
38.28,-0.02701,0.00932,-0.02978,0.00007
38.313,-0.0368,0.00867,-0.0395,-0.00075
38.346,-0.04628,0.00807,-0.04849,-0.00235
38.379,-0.05506,0.0075,-0.05747,-0.00329
38.412,-0.06401,0.00729,-0.06516,-0.00399
38.445,-0.07142,0.00684,-0.07295,-0.0054
38.478,-0.0781,0.00637,-0.07987,-0.00546
38.511,-0.08421,0.00626,-0.08626,-0.00556
38.544,-0.08906,0.00636,-0.0913,-0.00664
38.577,-0.09322,0.00601,-0.0956,-0.00733
38.61,-0.09624,0.00601,-0.09939,-0.00751
38.643,-0.09847,0.00572,-0.10159,-0.00734
38.676,-0.09949,0.00565,-0.10321,-0.00702
38.709,-0.09952,0.00559,-0.10364,-0.00754
38.742,-0.09882,0.0055,-0.10337,-0.00719
38.775,-0.09654,0.00562,-0.10168,-0.00729
38.808,-0.09336,0.00547,-0.09939,-0.00697
38.841,-0.08886,0.00578,-0.09601,-0.0067
38.874,-0.08395,0.00596,-0.09156,-0.00671
38.907,-0.07774,0.00604,-0.08632,-0.00607
38.94,-0.07095,0.00608,-0.08017,-0.00581
38.973,-0.06351,0.00646,-0.07327,-0.00533
39.006,-0.05523,0.0069,-0.06535,-0.00459
39.039,-0.04596,0.00726,-0.05702,-0.00361
39.072,-0.03704,0.00783,-0.04846,-0.00227
39.105,-0.02705,0.00842,-0.03913,-0.00133
39.138,-0.01728,0.00914,-0.02978,0.00005
39.171,-0.00715,0.01007,-0.01976,0.00136
39.204,0.00322,0.01092,-0.00986,0.00284
39.237,0.01327,0.01212,0.00014,0.00487
39.27,0.02346,0.0136,0.01018,0.00683
39.303,0.03319,0.01473,0.01983,0.0083
39.336,0.04227,0.01567,0.02898,0.00992
39.369,0.051,0.01745,0.03772,0.01205
39.402,0.05858,0.01857,0.04629,0.01421
39.435,0.06602,0.01982,0.05417,0.01587
39.468,0.07271,0.02116,0.06104,0.01745
39.501,0.07789,0.02231,0.06742,0.01877
39.534,0.08301,0.02328,0.0729,0.02025
39.567,0.08691,0.02405,0.07748,0.02141
39.6,0.0899,0.0246,0.08116,0.02242
39.633,0.0924,0.0252,0.08393,0.02335
39.666,0.09359,0.02562,0.08587,0.02368
39.699,0.09386,0.02556,0.08649,0.02373
39.732,0.09301,0.0256,0.08635,0.02356
39.765,0.09111,0.02533,0.08513,0.02333
39.798,0.08831,0.02462,0.08291,0.0229
39.831,0.08456,0.02398,0.07956,0.02201
39.864,0.07985,0.02336,0.07515,0.02081
39.897,0.07444,0.02216,0.07026,0.0193
39.93,0.06825,0.02104,0.06409,0.01812
39.963,0.06123,0.01992,0.05739,0.01631
39.996,0.05345,0.01841,0.05,0.01432
40.029,0.04463,0.01712,0.04183,0.01235
40.062,0.03596,0.01586,0.03305,0.01053
40.095,0.02651,0.0145,0.02396,0.00867
40.128,0.01655,0.01353,0.01437,0.00663
40.161,0.00605,0.01252,0.00446,0.00542
40.194,-0.00389,0.01141,-0.00553,0.00342
40.227,-0.01382,0.01027,-0.01575,0.00204
40.26,-0.02392,0.00959,-0.0257,0.00047
40.293,-0.03382,0.00885,-0.03525,-0.00132
40.326,-0.04301,0.00837,-0.04474,-0.00246
40.359,-0.05201,0.00773,-0.05393,-0.0037
40.392,-0.06047,0.00712,-0.06225,-0.00448
40.425,-0.06821,0.00687,-0.06995,-0.0053
40.458,-0.075,0.00652,-0.0771,-0.00534
40.491,-0.08093,0.00612,-0.08348,-0.00635
40.524,-0.08616,0.0062,-0.08894,-0.00717
40.557,-0.09044,0.00598,-0.09373,-0.00732
40.59,-0.0941,0.00576,-0.09759,-0.00734
40.623,-0.09623,0.00565,-0.10051,-0.00757
40.656,-0.09772,0.00586,-0.10273,-0.0078
40.689,-0.09786,0.00557,-0.10336,-0.00817
40.722,-0.09712,0.0055,-0.10354,-0.0082
40.755,-0.09564,0.00543,-0.1027,-0.00799
40.788,-0.09279,0.00564,-0.10085,-0.00795
40.821,-0.08902,0.00553,-0.09737,-0.0076
40.854,-0.08386,0.0055,-0.09334,-0.00732
40.887,-0.07842,0.00575,-0.08867,-0.00683
40.92,-0.07196,0.00591,-0.08311,-0.00665
40.953,-0.0647,0.00619,-0.07631,-0.00574
40.986,-0.05662,0.00638,-0.06939,-0.00516
41.019,-0.04797,0.00674,-0.06101,-0.00403
41.052,-0.0392,0.00733,-0.05284,-0.00324
41.085,-0.02944,0.00815,-0.04338,-0.00228
41.118,-0.01954,0.00895,-0.03382,-0.0006
41.151,-0.00976,0.00983,-0.02396,0.0003
41.184,0.00055,0.01075,-0.014,0.00193
41.217,0.01073,0.01194,-0.00392,0.00387
41.25,0.02071,0.0132,0.00588,0.00586
41.283,0.0301,0.01446,0.01569,0.00735
41.316,0.03946,0.01571,0.02559,0.00913
41.349,0.04841,0.0171,0.03451,0.01092
41.382,0.05636,0.01843,0.04334,0.01281
41.415,0.06394,0.01974,0.05137,0.01466
41.448,0.07098,0.02102,0.05838,0.01673
41.481,0.0766,0.02222,0.06522,0.01829
41.514,0.08142,0.02323,0.07119,0.01945
41.547,0.08582,0.02433,0.07625,0.02073
41.58,0.08946,0.02482,0.0805,0.02211
41.613,0.09164,0.02554,0.08375,0.02316
41.646,0.09294,0.02571,0.08606,0.02347
41.679,0.09349,0.02602,0.08723,0.02369
41.712,0.09313,0.02591,0.08744,0.02366
41.745,0.09146,0.02547,0.08676,0.02337
41.778,0.08884,0.0251,0.08487,0.02294
41.811,0.08567,0.02431,0.08185,0.02228
41.844,0.08148,0.02367,0.07786,0.02109
41.877,0.07627,0.02254,0.07321,0.01981
41.91,0.07017,0.02121,0.06739,0.01846
41.943,0.06335,0.02009,0.06086,0.01669
41.976,0.05597,0.01869,0.05391,0.01502
42.009,0.04812,0.01733,0.04573,0.01299
42.042,0.0394,0.01607,0.03693,0.0114
42.075,0.03023,0.0148,0.02792,0.00976
42.108,0.02049,0.01362,0.01869,0.00737
42.141,0.0104,0.01233,0.00876,0.00543
42.174,0.00015,0.01105,-0.00118,0.00374
42.207,-0.00987,0.01007,-0.0113,0.00217
42.24,-0.02002,0.00911,-0.02153,0.0007
42.273,-0.02949,0.0083,-0.03137,-0.00088
42.306,-0.03935,0.00743,-0.04078,-0.00172
42.339,-0.04807,0.00703,-0.05002,-0.00337
42.372,-0.05663,0.00663,-0.05904,-0.0044
42.405,-0.06441,0.00595,-0.06719,-0.00515
42.438,-0.0717,0.00569,-0.07457,-0.00602
42.471,-0.07812,0.00541,-0.08142,-0.00637
42.504,-0.08345,0.00532,-0.08762,-0.00688
42.537,-0.08806,0.00521,-0.09273,-0.00709
42.57,-0.09201,0.00494,-0.09706,-0.00758
42.603,-0.09453,0.00495,-0.10054,-0.00775
42.636,-0.09613,0.0049,-0.10268,-0.00753
42.669,-0.09694,0.00465,-0.10399,-0.00767
42.702,-0.09666,0.00467,-0.10457,-0.00742
42.735,-0.09518,0.00468,-0.10396,-0.00748
42.768,-0.09269,0.00463,-0.10233,-0.00744
42.801,-0.08933,0.00474,-0.09965,-0.0069
42.834,-0.08519,0.00485,-0.09592,-0.00645
42.867,-0.07961,0.00534,-0.09135,-0.00602
42.9,-0.07317,0.00537,-0.08611,-0.00572
42.933,-0.06649,0.00567,-0.07978,-0.00518
42.966,-0.05893,0.00607,-0.07251,-0.00412
42.999,-0.05074,0.00664,-0.065,-0.00376
43.032,-0.04221,0.00685,-0.05651,-0.00284
43.065,-0.03281,0.00773,-0.04712,-0.00184
43.098,-0.02308,0.00861,-0.03755,-0.00046
43.131,-0.01321,0.00945,-0.02775,0.00066
43.164,-0.00333,0.01046,-0.0176,0.0022
43.197,0.00665,0.01145,-0.00761,0.00392
43.23,0.01672,0.01272,0.00224,0.00585
43.263,0.02615,0.01393,0.01247,0.00762
43.296,0.03544,0.01511,0.02249,0.00941
43.329,0.04423,0.01659,0.03179,0.01117
43.362,0.05263,0.01796,0.04089,0.01302
43.395,0.06048,0.01935,0.04944,0.01461
43.428,0.06725,0.02058,0.05722,0.01653
43.461,0.07329,0.02181,0.06432,0.01805
43.494,0.07872,0.02277,0.07042,0.01986
43.527,0.08326,0.0237,0.07576,0.02087
43.56,0.08716,0.02451,0.08032,0.02182
43.593,0.08976,0.02491,0.08383,0.02282
43.626,0.09166,0.02547,0.08649,0.02327
43.659,0.09226,0.02561,0.08795,0.02359
43.692,0.0924,0.02563,0.08841,0.02384
43.725,0.09151,0.02552,0.08821,0.0234
43.758,0.08942,0.0251,0.08638,0.02304
43.791,0.08613,0.02431,0.08401,0.02253
43.824,0.082,0.02333,0.08023,0.02126
43.857,0.07722,0.02256,0.07573,0.0201
43.89,0.0715,0.02137,0.0703,0.01869
43.923,0.06477,0.02006,0.06383,0.01674
43.956,0.05768,0.01865,0.05674,0.01523
43.989,0.04956,0.01752,0.04891,0.01346
44.022,0.04127,0.01613,0.04027,0.01158
44.055,0.03241,0.01488,0.03114,0.0097
44.088,0.02302,0.01364,0.02155,0.00783
44.121,0.01329,0.01224,0.01173,0.00612
44.154,0.00338,0.01123,0.0014,0.00424
44.187,-0.00661,0.01013,-0.00856,0.00256
44.22,-0.01669,0.00925,-0.0188,0.00115
44.253,-0.02611,0.00843,-0.02887,-0.00055
44.286,-0.03572,0.00754,-0.03889,-0.00203
44.319,-0.04496,0.0072,-0.04831,-0.003
44.352,-0.05314,0.00657,-0.05729,-0.00393
44.385,-0.06123,0.0061,-0.06557,-0.00436
44.418,-0.06878,0.00585,-0.07348,-0.00521
44.451,-0.07552,0.00537,-0.08105,-0.006
44.484,-0.08133,0.00518,-0.08711,-0.0063
44.517,-0.08643,0.0052,-0.09254,-0.00674
44.55,-0.09032,0.005,-0.0971,-0.0067
44.583,-0.09351,0.00509,-0.10103,-0.0067
44.616,-0.09551,0.00493,-0.10362,-0.0076
44.649,-0.09641,0.00484,-0.10551,-0.00704
44.682,-0.09656,0.00488,-0.10591,-0.00749
44.715,-0.0956,0.00478,-0.10597,-0.00743
44.748,-0.09365,0.00473,-0.10502,-0.00728
44.781,-0.09064,0.00481,-0.10252,-0.0071
44.814,-0.08664,0.00507,-0.09886,-0.00662
44.847,-0.08145,0.00538,-0.09453,-0.00679
44.88,-0.07625,0.0055,-0.08912,-0.00573
44.913,-0.06932,0.00585,-0.08286,-0.00542
44.946,-0.06209,0.00587,-0.07591,-0.00457
44.979,-0.05406,0.00654,-0.06759,-0.00387
45.012,-0.04546,0.00701,-0.05936,-0.00328
45.045,-0.03632,0.00775,-0.05052,-0.00221
45.078,-0.0267,0.00837,-0.04096,-0.00092
45.111,-0.01702,0.00927,-0.03105,0.00022
45.144,-0.00741,0.01015,-0.02106,0.00168
45.177,0.00289,0.01127,-0.011,0.00335
45.21,0.01265,0.01245,-0.00052,0.00479
45.243,0.02224,0.01371,0.00967,0.00642
45.276,0.03183,0.0148,0.01965,0.00826
45.309,0.04058,0.01609,0.02934,0.01017
45.342,0.0492,0.01759,0.03879,0.01189
45.375,0.05708,0.0188,0.04737,0.01388
45.408,0.06462,0.01997,0.05579,0.01547
45.441,0.071,0.02119,0.06277,0.01758
45.474,0.0766,0.02223,0.06943,0.01905
45.507,0.08163,0.02313,0.07526,0.02042
45.54,0.08551,0.024,0.08007,0.02143
45.573,0.08873,0.02439,0.08392,0.02234
45.606,0.09058,0.02493,0.08711,0.0227
45.639,0.092,0.02521,0.08877,0.02322
45.672,0.09205,0.02532,0.08934,0.02315
45.705,0.09129,0.02516,0.08916,0.02297
45.738,0.0895,0.02482,0.08783,0.02264
45.771,0.08679,0.02445,0.08554,0.02201
45.804,0.0832,0.0237,0.0821,0.02129
45.837,0.07875,0.02274,0.0778,0.02031
45.87,0.07391,0.02151,0.07248,0.01844
45.903,0.06746,0.02024,0.06609,0.01681
45.936,0.06084,0.01903,0.05898,0.01538
45.969,0.05338,0.01769,0.05127,0.01369
46.002,0.04527,0.01657,0.0429,0.0116
46.035,0.03609,0.01513,0.03374,0.01036
46.068,0.02701,0.01397,0.02474,0.00859
46.101,0.0174,0.01264,0.01469,0.00655
46.134,0.00746,0.0117,0.00444,0.00429
46.167,-0.0023,0.01061,-0.00589,0.00269
46.2,-0.01251,0.00954,-0.01656,0.00112
46.233,-0.02214,0.00881,-0.02678,-0.00006
46.266,-0.03189,0.00807,-0.03661,-0.0015
46.299,-0.04105,0.0074,-0.04656,-0.00286
46.332,-0.05001,0.00692,-0.05597,-0.00377
46.365,-0.05813,0.00642,-0.06436,-0.00447
46.398,-0.06573,0.00593,-0.07255,-0.00507
46.431,-0.07252,0.00585,-0.07962,-0.00538
46.464,-0.07893,0.0056,-0.08675,-0.00616
46.497,-0.08429,0.00549,-0.09274,-0.00663
46.53,-0.0886,0.00548,-0.09724,-0.00668
46.563,-0.09197,0.00538,-0.10131,-0.00701
46.596,-0.09447,0.00552,-0.10464,-0.0074
46.629,-0.09588,0.00554,-0.10633,-0.00739
46.662,-0.09628,0.00558,-0.10741,-0.00737
46.695,-0.09587,0.00563,-0.10735,-0.00742
46.728,-0.09404,0.00572,-0.10618,-0.00772
46.761,-0.09156,0.00586,-0.10404,-0.00737
46.794,-0.08799,0.00604,-0.10099,-0.00713
46.827,-0.08349,0.00626,-0.0963,-0.00643
46.86,-0.07815,0.00653,-0.09121,-0.00618
46.893,-0.0721,0.00687,-0.08497,-0.00553
46.926,-0.06536,0.00689,-0.07814,-0.00498
46.959,-0.0573,0.00743,-0.07016,-0.00405
46.992,-0.04898,0.00783,-0.06207,-0.00358
47.025,-0.04007,0.0084,-0.05286,-0.00289
47.058,-0.03093,0.00922,-0.04351,-0.00191
47.091,-0.02145,0.00992,-0.03357,-0.00026
47.124,-0.01156,0.01083,-0.02315,0.00106
47.157,-0.00159,0.01173,-0.0128,0.00252
47.19,0.00825,0.01284,-0.00266,0.00416
47.223,0.01846,0.01385,0.00765,0.00583
47.256,0.028,0.01525,0.01765,0.00759
47.289,0.03722,0.01618,0.02739,0.00921
47.322,0.04595,0.01739,0.03693,0.01096
47.355,0.05413,0.01852,0.04576,0.01249
47.388,0.06146,0.01968,0.05405,0.01473
47.421,0.06824,0.02085,0.06161,0.01615
47.454,0.07399,0.02197,0.06823,0.0177
47.487,0.07874,0.02298,0.07409,0.01927
47.52,0.08333,0.02382,0.07927,0.02047
47.553,0.08681,0.02458,0.08345,0.0213
47.586,0.08956,0.02502,0.08649,0.0225
47.619,0.09114,0.02532,0.08855,0.02276
47.652,0.09166,0.02535,0.08946,0.02288
47.685,0.09144,0.02538,0.08942,0.02276
47.718,0.09028,0.02513,0.08822,0.02254
47.751,0.08755,0.02445,0.08609,0.02165
47.784,0.08408,0.02353,0.08281,0.0209
47.817,0.07992,0.02274,0.07836,0.01979
47.85,0.07499,0.02175,0.07337,0.019
47.883,0.06897,0.02059,0.06727,0.01794
47.916,0.06268,0.01945,0.06049,0.0165
47.949,0.05499,0.01832,0.05276,0.0147
47.982,0.04714,0.01685,0.0448,0.01303
48.015,0.03871,0.01567,0.03581,0.01092
48.048,0.02946,0.01426,0.02618,0.00889
48.081,0.01975,0.01301,0.01615,0.00685
48.114,0.01007,0.0119,0.00637,0.00542
48.147,-0.00027,0.01092,-0.00412,0.00371
48.18,-0.00997,0.00991,-0.01444,0.00246
48.213,-0.01973,0.00875,-0.02528,0.00045
48.246,-0.02932,0.00844,-0.03507,-0.00051
48.279,-0.03834,0.0078,-0.04492,-0.00181
48.312,-0.04753,0.00712,-0.05424,-0.00249
48.345,-0.05566,0.00693,-0.06277,-0.0039
48.378,-0.06354,0.00649,-0.07162,-0.00487
48.411,-0.07072,0.00641,-0.07893,-0.00524
48.444,-0.07669,0.0061,-0.08598,-0.00564
48.477,-0.08241,0.00605,-0.0918,-0.00632
48.51,-0.08745,0.00592,-0.09672,-0.00709
48.543,-0.09115,0.00611,-0.10086,-0.00704
48.576,-0.09419,0.00585,-0.10425,-0.00693
48.609,-0.09577,0.00588,-0.10607,-0.00733
48.642,-0.09634,0.00577,-0.10716,-0.00765
48.675,-0.09622,0.00581,-0.10755,-0.00752
48.708,-0.09516,0.00579,-0.10643,-0.00737
48.741,-0.09267,0.00589,-0.10437,-0.00711
48.774,-0.08974,0.00587,-0.10118,-0.00673
48.807,-0.08539,0.00603,-0.09719,-0.00658
48.84,-0.08035,0.00624,-0.0922,-0.00678
48.873,-0.07407,0.00663,-0.08599,-0.00591
48.906,-0.06723,0.00681,-0.07901,-0.00548
48.939,-0.05983,0.00704,-0.07181,-0.00492
48.972,-0.05142,0.00745,-0.06374,-0.00431
49.005,-0.04279,0.00791,-0.05482,-0.00328
49.038,-0.03354,0.00869,-0.04545,-0.00251
49.071,-0.02373,0.00943,-0.03565,-0.00115
49.104,-0.01416,0.01041,-0.02536,0.00016
49.137,-0.0043,0.01116,-0.01531,0.00153
49.17,0.00568,0.01223,-0.00506,0.00314
49.203,0.01547,0.01307,0.00558,0.00473
49.236,0.02531,0.0144,0.0158,0.00671
49.269,0.03458,0.01562,0.02588,0.00895
49.302,0.04346,0.01688,0.03534,0.01066
49.335,0.05211,0.01808,0.04421,0.01243
49.368,0.05919,0.01925,0.0528,0.0142
49.401,0.06623,0.02044,0.06043,0.01567
49.434,0.07258,0.02141,0.06734,0.01745
49.467,0.07779,0.02235,0.0736,0.01881
49.5,0.08257,0.02318,0.07858,0.02057
49.533,0.08621,0.02397,0.0829,0.02154
49.566,0.08858,0.02451,0.08633,0.02219
49.599,0.09044,0.02474,0.08864,0.02253
49.632,0.09168,0.02474,0.08994,0.02311
49.665,0.09147,0.02461,0.09007,0.02307
49.698,0.09054,0.02439,0.08935,0.02288
49.731,0.08833,0.02402,0.08724,0.02238
49.764,0.08529,0.02338,0.08422,0.0219
49.797,0.08116,0.0228,0.08011,0.02069
49.83,0.07684,0.02182,0.0753,0.01976
49.863,0.07141,0.02086,0.06936,0.0178
49.896,0.06485,0.01969,0.06232,0.01628
49.929,0.05793,0.0185,0.05516,0.01501
49.962,0.05023,0.01703,0.04711,0.01337
49.995,0.04143,0.01575,0.03838,0.01167
50.028,0.03297,0.0146,0.02906,0.00952
50.061,0.02322,0.01341,0.01915,0.00792
50.094,0.01371,0.01224,0.00893,0.0061
50.127,0.00385,0.01135,-0.00125,0.00455
50.16,-0.00596,0.01022,-0.0115,0.0028
50.193,-0.016,0.00937,-0.02172,0.00128
50.226,-0.02611,0.00854,-0.03202,-0.00019
50.259,-0.03563,0.00814,-0.04209,-0.00105
50.292,-0.04447,0.00745,-0.05156,-0.00223
50.325,-0.05316,0.00685,-0.06085,-0.00328
50.358,-0.0612,0.00655,-0.06925,-0.00441
50.391,-0.06859,0.0064,-0.07645,-0.0054
50.424,-0.07514,0.00601,-0.08341,-0.00605
50.457,-0.08091,0.00588,-0.08976,-0.00672
50.49,-0.08564,0.006,-0.09495,-0.00694
50.523,-0.09009,0.00595,-0.09922,-0.00682
50.556,-0.09295,0.00593,-0.10266,-0.00709
50.589,-0.09513,0.00587,-0.10498,-0.00729
50.622,-0.09627,0.00582,-0.10635,-0.00764
50.655,-0.09647,0.00586,-0.10673,-0.00735
50.688,-0.09569,0.00576,-0.10582,-0.00755
50.721,-0.09344,0.00561,-0.10456,-0.00697
50.754,-0.09042,0.00573,-0.10131,-0.00734
50.787,-0.08662,0.00586,-0.098,-0.00712
50.82,-0.08144,0.00623,-0.09314,-0.00729
50.853,-0.07593,0.00649,-0.08741,-0.00606
50.886,-0.06916,0.00633,-0.08038,-0.0056
50.919,-0.06199,0.0067,-0.07316,-0.0053
50.952,-0.05392,0.00714,-0.065,-0.00434
50.985,-0.04534,0.00764,-0.05648,-0.00347
51.018,-0.03628,0.00821,-0.04742,-0.00249
51.051,-0.02688,0.00848,-0.03741,-0.00163
51.084,-0.01731,0.00936,-0.02759,-0.00025
51.117,-0.00742,0.01022,-0.01734,0.00123
51.15,0.00239,0.01118,-0.00716,0.00287
51.183,0.01223,0.01183,0.00274,0.00429
51.216,0.0218,0.01314,0.01325,0.00618
51.249,0.03116,0.01444,0.02284,0.008
51.282,0.04014,0.0154,0.03266,0.01033
51.315,0.04882,0.01665,0.04167,0.01196
51.348,0.05649,0.01805,0.05009,0.01388
51.381,0.0634,0.01923,0.05802,0.01545
51.414,0.07003,0.02022,0.06513,0.01721
51.447,0.07563,0.02146,0.07132,0.01847
51.48,0.08058,0.02248,0.07671,0.02015
51.513,0.08448,0.02339,0.08106,0.02105
51.546,0.08753,0.0237,0.08452,0.02214
51.579,0.0897,0.02433,0.08714,0.02259
51.612,0.09071,0.02463,0.0884,0.02349
51.645,0.09101,0.02454,0.08898,0.02359
51.678,0.09041,0.02436,0.08836,0.0236
51.711,0.08846,0.02409,0.08697,0.02325
51.744,0.08586,0.02373,0.08409,0.0227
51.777,0.08227,0.02316,0.08051,0.0219
51.81,0.07779,0.02239,0.07594,0.02042
51.843,0.07267,0.02129,0.07006,0.01906
51.876,0.06656,0.02019,0.06369,0.01787
51.909,0.05994,0.019,0.05664,0.01616
51.942,0.05275,0.01788,0.04864,0.01434
51.975,0.04436,0.01653,0.03994,0.01231
52.008,0.03565,0.01526,0.03108,0.01066
52.041,0.02652,0.01427,0.02114,0.00875
52.074,0.01728,0.01306,0.01154,0.00714
52.107,0.00745,0.01208,0.00121,0.00511
52.14,-0.00242,0.0113,-0.00891,0.0036
52.173,-0.01201,0.01029,-0.01928,0.00181
52.206,-0.02231,0.00961,-0.02935,0.00028
52.239,-0.03129,0.00897,-0.03899,-0.00087
52.272,-0.04057,0.00837,-0.04877,-0.00173
52.305,-0.04936,0.00787,-0.05745,-0.00312
52.338,-0.05765,0.00754,-0.06616,-0.00408
52.371,-0.06496,0.00718,-0.07356,-0.00465
52.404,-0.07169,0.0069,-0.08093,-0.00546
52.437,-0.07754,0.0066,-0.08708,-0.00588
52.47,-0.08288,0.00663,-0.09239,-0.00668
52.503,-0.08714,0.00642,-0.09742,-0.00708
52.536,-0.09051,0.00629,-0.1008,-0.00728
52.569,-0.09293,0.00624,-0.10307,-0.00693
52.602,-0.09437,0.00599,-0.10495,-0.00741
52.635,-0.09464,0.0059,-0.10538,-0.00719
52.668,-0.09428,0.00588,-0.10488,-0.00753
52.701,-0.0923,0.00576,-0.10403,-0.00729
52.734,-0.08959,0.00589,-0.1011,-0.00707
52.767,-0.08606,0.00604,-0.09761,-0.00665
52.8,-0.08164,0.006,-0.09312,-0.00707
52.833,-0.07606,0.00595,-0.08816,-0.00632
52.866,-0.07005,0.00635,-0.08184,-0.0058
52.899,-0.06288,0.00644,-0.07487,-0.00524
52.932,-0.05562,0.00696,-0.06686,-0.00448
52.965,-0.04704,0.00726,-0.05849,-0.00356
52.998,-0.03836,0.00772,-0.04962,-0.00228
53.031,-0.02912,0.00832,-0.04017,-0.00128
53.064,-0.01946,0.00924,-0.03052,0.00019
53.097,-0.01025,0.00997,-0.02024,0.0014
53.13,-0.00048,0.01084,-0.0102,0.00323
53.163,0.00916,0.01202,0.00032,0.00476
53.196,0.01876,0.01291,0.01043,0.00664
53.229,0.02841,0.01422,0.02027,0.00821
53.262,0.03711,0.01514,0.02996,0.01036
53.295,0.04582,0.01679,0.03904,0.0119
53.328,0.05402,0.01771,0.04745,0.01432
53.361,0.06137,0.01901,0.05541,0.01621
53.394,0.06766,0.02022,0.06256,0.01792
53.427,0.07363,0.02149,0.06904,0.01871
53.46,0.07853,0.02216,0.07465,0.02025
53.493,0.08283,0.02318,0.07954,0.02197
53.526,0.08596,0.02414,0.08316,0.02296
53.559,0.08823,0.02444,0.08598,0.02362
53.592,0.08976,0.02453,0.08795,0.02393
53.625,0.09041,0.02487,0.08847,0.02436
53.658,0.09018,0.02507,0.08836,0.02433
53.691,0.08868,0.02473,0.08726,0.02432
53.724,0.08622,0.02445,0.08495,0.02373
53.757,0.08295,0.0238,0.08168,0.02256
53.79,0.07867,0.02307,0.07738,0.02167
53.823,0.07385,0.02211,0.07205,0.02022
53.856,0.06825,0.02094,0.06615,0.01897
53.889,0.06145,0.01987,0.05928,0.01761
53.922,0.05421,0.01862,0.05157,0.01539
53.955,0.04608,0.0177,0.0434,0.01326
53.988,0.03784,0.01643,0.03456,0.0119
54.021,0.02909,0.01531,0.02501,0.00961
54.054,0.01987,0.01421,0.01555,0.00775
54.087,0.01028,0.01288,0.00553,0.00614
54.12,0.00045,0.01177,-0.0049,0.00405
54.153,-0.00898,0.01078,-0.01477,0.00269
54.186,-0.01886,0.00992,-0.02467,0.00104
54.219,-0.02808,0.00912,-0.03517,-0.00111
54.252,-0.03721,0.00841,-0.0446,-0.0016
54.285,-0.04599,0.00805,-0.0539,-0.00312
54.318,-0.0542,0.00743,-0.06249,-0.0039
54.351,-0.06228,0.00707,-0.07052,-0.00502
54.384,-0.06897,0.00674,-0.07803,-0.00527
54.417,-0.07521,0.00663,-0.08433,-0.00611
54.45,-0.08033,0.00643,-0.09035,-0.00647
54.483,-0.08507,0.0064,-0.09508,-0.00688
54.516,-0.08879,0.00636,-0.09927,-0.00714
54.549,-0.09135,0.00607,-0.10221,-0.00714
54.582,-0.09305,0.00599,-0.1036,-0.00764
54.615,-0.09355,0.00589,-0.10465,-0.00766
54.648,-0.09337,0.00588,-0.1051,-0.00747
54.681,-0.09211,0.0058,-0.1041,-0.00745
54.714,-0.08963,0.00584,-0.10242,-0.00776
54.747,-0.08653,0.00616,-0.09908,-0.0075
54.78,-0.08207,0.00609,-0.09489,-0.00716
54.813,-0.07718,0.00637,-0.08986,-0.00678
54.846,-0.07139,0.00628,-0.08404,-0.00578
54.879,-0.06478,0.00656,-0.07724,-0.00585
54.912,-0.0574,0.007,-0.06996,-0.00474
54.945,-0.04966,0.00751,-0.06183,-0.00386
54.978,-0.04113,0.00776,-0.05312,-0.00287
55.011,-0.03254,0.0085,-0.04396,-0.00192
55.044,-0.02319,0.009,-0.03414,-0.00111
55.077,-0.01355,0.00991,-0.02448,0.00059
55.11,-0.00414,0.01061,-0.01424,0.00213
55.143,0.00568,0.01166,-0.004,0.00375
55.176,0.01523,0.0128,0.00621,0.00556
55.209,0.0247,0.01407,0.01602,0.00761
55.242,0.03381,0.01514,0.02578,0.00956
55.275,0.04261,0.01637,0.0352,0.01133
55.308,0.05063,0.01766,0.04382,0.01348
55.341,0.05809,0.01889,0.05233,0.01488
55.374,0.06493,0.01993,0.05972,0.0172
55.407,0.07096,0.02119,0.06626,0.01867
55.44,0.07598,0.02218,0.07256,0.01976
55.473,0.08038,0.02327,0.07739,0.02134
55.506,0.08424,0.0238,0.08146,0.02198
55.539,0.08693,0.02436,0.08459,0.0228
55.572,0.08876,0.02488,0.08676,0.02343
55.605,0.08948,0.02511,0.08771,0.02398
55.638,0.08949,0.02517,0.08791,0.02375
55.671,0.08853,0.02504,0.08717,0.02357
55.704,0.08669,0.02488,0.08523,0.0231
55.737,0.08378,0.02408,0.08239,0.02238
55.77,0.08006,0.0234,0.0782,0.02111
55.803,0.07546,0.02247,0.07321,0.01977
55.836,0.07044,0.02134,0.06759,0.0184
55.869,0.0642,0.02036,0.0609,0.0167
55.902,0.05754,0.01897,0.0536,0.01473
55.935,0.04979,0.01769,0.04568,0.0129
55.968,0.04163,0.01666,0.03673,0.01089
56.001,0.03283,0.01543,0.02735,0.00927
56.034,0.02355,0.0141,0.01793,0.00732
56.067,0.01404,0.0129,0.00816,0.00558
56.1,0.00479,0.01195,-0.00193,0.00386
56.133,-0.00482,0.01096,-0.01227,0.00242
56.166,-0.01474,0.01002,-0.02259,0.00065
56.199,-0.02441,0.00918,-0.03219,-0.0007
56.232,-0.03368,0.00838,-0.04192,-0.00204
56.265,-0.04238,0.00757,-0.0513,-0.00348
56.298,-0.05091,0.00703,-0.0599,-0.00438
56.331,-0.05869,0.00666,-0.06817,-0.00503
56.364,-0.06593,0.00609,-0.07562,-0.00555
56.397,-0.07238,0.00552,-0.08241,-0.00609
56.43,-0.07816,0.00538,-0.08857,-0.00719
56.463,-0.0828,0.00537,-0.09354,-0.00733
56.496,-0.08689,0.00522,-0.09829,-0.0076
56.529,-0.09015,0.0052,-0.10146,-0.00772
56.562,-0.09218,0.00511,-0.10396,-0.00808
56.595,-0.09331,0.00499,-0.1051,-0.00823
56.628,-0.09324,0.00492,-0.10544,-0.00816
56.661,-0.09255,0.00487,-0.10487,-0.00818
56.694,-0.09074,0.00496,-0.10311,-0.0076
56.727,-0.08773,0.00503,-0.10053,-0.00762
56.76,-0.08395,0.00507,-0.09689,-0.00787
56.793,-0.07936,0.00535,-0.09216,-0.00713
56.826,-0.07414,0.00548,-0.08658,-0.00641
56.859,-0.06796,0.0058,-0.08034,-0.00583
56.892,-0.06086,0.00582,-0.07285,-0.0055
56.925,-0.05333,0.00648,-0.06506,-0.00437
56.958,-0.04522,0.00694,-0.05695,-0.00372
56.991,-0.03612,0.00742,-0.04782,-0.00304
57.024,-0.0268,0.00833,-0.03808,-0.00068
57.057,-0.01772,0.00913,-0.02817,0.00022
57.09,-0.00809,0.01024,-0.01779,0.0014
57.123,0.0016,0.01109,-0.0073,0.00326
57.156,0.01145,0.01216,0.0027,0.00496
57.189,0.02062,0.01333,0.01268,0.00693
57.222,0.02992,0.01451,0.02275,0.00895
57.255,0.03893,0.01587,0.03211,0.01044
57.288,0.04727,0.01717,0.04115,0.0123
57.321,0.05505,0.01856,0.04947,0.01438
57.354,0.06198,0.0195,0.05718,0.01637
57.387,0.06833,0.02084,0.06426,0.01789
57.42,0.07388,0.02202,0.07037,0.01915
57.453,0.07851,0.02292,0.07588,0.02037
57.486,0.08238,0.02394,0.08026,0.02162
57.519,0.08539,0.02456,0.08372,0.02238
57.552,0.08798,0.02499,0.0861,0.02304
57.585,0.08922,0.02536,0.088,0.02327
57.618,0.08964,0.02534,0.08821,0.02339
57.651,0.08903,0.0249,0.08766,0.02348
57.684,0.08764,0.02479,0.08614,0.02316
57.717,0.0849,0.02444,0.0835,0.02202
57.75,0.08138,0.0236,0.07977,0.02119
57.783,0.07711,0.02277,0.07523,0.02
57.816,0.07202,0.02183,0.06982,0.01843
57.849,0.06657,0.02082,0.06348,0.01701
57.882,0.05981,0.01949,0.05638,0.0153
57.915,0.05284,0.01849,0.04838,0.01385
57.948,0.04478,0.01709,0.03999,0.01171
57.981,0.03629,0.01568,0.03089,0.00987
58.014,0.02749,0.01441,0.02142,0.00792
58.047,0.01795,0.01341,0.01161,0.00589
58.08,0.00829,0.01214,0.00174,0.0043
58.113,-0.00133,0.01103,-0.00903,0.00211
58.146,-0.01109,0.01036,-0.01901,0.00088
58.179,-0.02059,0.00946,-0.02903,-0.00039
58.212,-0.02971,0.00845,-0.03902,-0.00199
58.245,-0.03892,0.00775,-0.04835,-0.00316
58.278,-0.04778,0.00703,-0.05727,-0.00399
58.311,-0.05589,0.00678,-0.06604,-0.00521
58.344,-0.06371,0.0062,-0.07357,-0.00552
58.377,-0.07042,0.00583,-0.08071,-0.00645
58.41,-0.07637,0.0059,-0.08731,-0.00691
58.443,-0.08152,0.00564,-0.09264,-0.00717
58.476,-0.0859,0.0056,-0.09728,-0.00756
58.509,-0.08963,0.00546,-0.10107,-0.00738
58.542,-0.09202,0.00542,-0.10354,-0.00798
58.575,-0.0937,0.00557,-0.10533,-0.00793
58.608,-0.09448,0.00546,-0.10565,-0.00755
58.641,-0.09423,0.00556,-0.1054,-0.00744
58.674,-0.09266,0.00567,-0.10437,-0.00734
58.707,-0.09035,0.0058,-0.1018,-0.00776
58.74,-0.08709,0.00599,-0.09846,-0.00712
58.773,-0.0828,0.00607,-0.09389,-0.00691
58.806,-0.07747,0.00652,-0.08845,-0.00651
58.839,-0.07167,0.00662,-0.08215,-0.00577
58.872,-0.0648,0.00712,-0.0756,-0.00529
58.905,-0.05742,0.00711,-0.06755,-0.00467
58.938,-0.04944,0.00791,-0.05921,-0.00373
58.971,-0.04107,0.0084,-0.0504,-0.0027
59.004,-0.03196,0.00906,-0.04062,-0.00117
59.037,-0.02292,0.00964,-0.03094,0.00022
59.07,-0.01325,0.01056,-0.02098,0.00188
59.103,-0.00373,0.01137,-0.01026,0.00323
